index,english,tigrina,use_with,registered_by,tg_family,tg_family_code
515,Account Collectors,ኣካቢ ሕሳብ,,gide,አከበሐሰበ,1631701216593121
516,Accountants,ተሓዚ ገንዘብ,,gide,ተሐዘገነዘበ,13565198240149198121
517,Accounting Clerks,ጸሓፊ ሕሳብ,,gide,ጸሐፈሐሰበ,261652756593121
518,Actors,ተዋሳእቲ,,gide,ተወሰአተ,13518493163135
519,Actuaries,ፈታሕቲ ሽግር ወይ ናይ መጻኢ ኣታዊ ይኹን ዕዳ ዝቅምሩ,,gide,ፈተሐተሸገረወየነየመጸአአተወየኸነዐደዘቀመረ,2751356513510024086184219149219722611631631351842191771491912121981077286
520,Adhesive Bonding Machine Operators and Tenders,ኣብ ኢድ ማኪና ማሽን ኦፕሬተራትን ጅማውትን,,gide,አበአደመከነመሸነአፐረተረተነጀመወተነ,1631211632127217014972100149163282861358613514923372184135149
521,Administrative Assistants,ምምሕዳራዊ ሓገዝ,,gide,መመሐደረወሐገዘ,7272652128618465240198
522,Administrative Services Managers,ሓለፍቲ ምምሕዳራዊ ኣገልግሎታት,,gide,ሐለፈተመመሐደረወአገለገለተተ,6558275135727265212861841632405824058135135
523,Adult Literacy and High School Equivalency Diploma Teachers,ናይ ዓበይቲ ምጥፋእ መሃይምነትን ናይ ላዕለዋይ ደረጃ ትምህርትን ክእለት መምህራን,,gide,ነየዐበየተመጠፈአመሀየመነተነነየለዐለወየደረጀተመሀረተነከአለተመመሀረነ,149219191121219135722472751637251219721491351491492195819158184219212862331357251861351491701635813572725186149
524,Adult Literacy Teachers,መምህራን ምጥፋእ መሃይምነት ንዓበይቲ,,gide,መመሀረነመጠፈአመሀየመነተነዐበየተ,7272518614972247275163725121972149135149191121219135
525,Advertising Managers,ኣካየድቲ መወዓውዒ,,gide,አከየደተመወዐወዐ,16317021921213572184191184191
526,Advertising Sales Agents,ናይ ምውዕዋዕ መስርሕ,,gide,ነየመወዐወዐመሰረሐ,1492197218419118419172938665
527,Aerospace Engineering and Operations Technicians,ኤሮስፖስፊንግ ኢንጂነሪንግን ቴክኒሻናትን,,gide,አረሰፐሰፈነገአነጀነረነገነተከነሸነተነ,16386932829327514924016314923314986149240149135170149100149135149
528,Aerospace Engineers,ኤሮስፐይስ ኢንጂነሪንግ,,gide,አረሰፐየሰአነጀነረነገ,16386932822199316314923314986149240
529,Aerospace Engineers,ኤሮስፐይስ ኢንጂነሪንግ,,gide,አረሰፐየሰአነጀነረነገ,16386932822199316314923314986149240
530,Agents and Business Managers of Artists, Performers, and Athletes,ወኪላትን ኣካየድቲ ስራሕ ኣርቲስትን ገጠምትን ኣትለታትን,,
531,Agricultural Engineers,ኢንጂነራት ሕርሻ,,gide,አነጀነረተሐረሸ,163149233149861356586100
532,Agricultural Engineers,ኢንጂነራት ሕርሻ,,gide,አነጀነረተሐረሸ,163149233149861356586100
533,Agricultural Inspectors,ናይ ሕርሻ ኢንስፔክተር,,gide,ነየሐረሸአነሰፐከተረ,14921965861001631499328217013586
534,Agricultural Managers,ኣካየድቲ ሕርሻ,,gide,አከየደተሐረሸ,1631702192121356586100
535,Agricultural Scientists,ክኢላታት ሕርሻ,,gide,ከአለተተሐረሸ,170163581351356586100
536,Agricultural Technicians,ክኢላታት ሕርሻ,,gide,ከአለተተሐረሸ,170163581351356586100
537,Agricultural Workers,ዕዮ ሕርሻ,,gide,ዐየሐረሸ,1912196586100
538,Air Conditioning and Heating Mechanics and Installers,ብቕዓት ኣየርን ምፍዋስ ሜካኒካውንትን መሕለፍ ግዜን,,gide,በቐዐተአየረነመፈወሰመከነከወነተነመሐለፈገዘነ,12111419113516321986149722751849372170149170184149135149726558275240198149
539,Air Traffic Controllers,ተቘጻጸርቲ መገዲ ኣየር,,gide,ተቘጸጸረተመገደአየረ,135360261261861357224021216321986
540,Aircraft Cargo Handling Supervisors,ናይ ነፋሪት ካርጎ ሃንድሊንግ ሱፐርቫይዘራት,,gide,ነየነፈረተከረገሀነደለነገሰፐረቨየዘረተ,14921914927586135170862405114921258149240932828612821919886135
541,Aircraft Equipment Mechanics and Technicians,ናይ ነፈርቲ ዕጥቂ መካኒክን ቴክኒሻናትን,,gide,ነየነፈረተዐጠቀመከነከነተከነሸነተነ,1492191492758613519124710772170149170149135170149100149135149
542,Airfield Operations Specialists,ክኢላታት ሓይሊ ኣየር,,gide,ከአለተተሐየለአየረ,17016358135135652195816321986
543,Airline and Commercial Pilots,መገዲ ኣየርን ንግድን ጲላጦስን,,gide,መገደአየረነነገደነለጠሰነ,72240212163219861491492402121495824793149
544,Teachers and Instructors,መምህራን,,gide,መመሀረነ,72725186149
545,Ambulance Dispatchers,ናይ ህጹጽ ወይ ዘይ ህጹጽ እዋን ተለፎን ኦፐሬቶር,,gide,ነየሀጸጸወየዘየሀጸጸአወነተለፈነአፐረተረ,1492195126126118421919821951261261163184149135582751491632828613586
546,Ambulance Drivers and Attendants (Except Emergency Medical Technicians),ኣምቡላንስ ዶኸንቲን ኣቴንስ (Ambulance Drivers and Attendants (Except Emergency Medical Technicians)),,gide,አመበለነሰደኸነተነአተነሰ,16372121581499321217714913514916313514993
547,Amusement and Recreation Attendants,ናይ ምዝንጋዕ ተኣከብቲ,,gide,ነየመዘነገዐተአከበተ,14921972198149240191135163170121135
548,Animal Care and Service Workers,ክንክን እንስሳታትን ዕዮን,,gide,ከነከነአነሰሰተተነዐየነ,1701491701491631499393135135149191219149
549,Animal Control Workers,ሰራሕተኛታት እንስሳ,,gide,ሰረሐተኘተተአነሰሰ,9386651351561351351631499393
550,Announcers,ኣናውንሰር,,gide,አነወነሰረ,1631491841499386
551,Anthropologists,ገበርቲ ሰናይ,,gide,ገበረተሰነየ,2401218613593149219
552,Appraisers and Assessors of Real Estate,መዋዓዋዕቲን ገምገምቲን ናይ ሓቂ ኣዕሩኽ,,gide,መወዐወዐተነገመገመተነነየሐቀአዐረኸ,7218419118419113514924072240721351491492196510716319186177
553,Arbitrators,ሃንደስቲ,,gide,ሀነደሰተ,5114921293135
554,Archeologists,ናይ አርቺ መርመራታት,,gide,ነየአረቸመረመረተተ,1492191638614272867286135135
555,Architects,ኣርክተክትስ,,gide,አረከተከተሰ,1638617013517013593
556,Architectural Managers,ኣካየድቲ ስነ ህንጻ,,gide,አከየደተሰነሀነጸ,1631702192121359314951149261
557,Archivists,ኣርቺቪቲካውያን,,gide,አረቸቨተከወየነ,16386142128135170184219149
558,Art Directors,መምርሒ ኢደ ጥበብ,,gide,መመረሐአደጠበበ,72728665163212247121121
559,Assemblers,ኣጋጣጠምቲ,,gide,አገጠጠመተ,16324024724772135
560,Astronomers,ተመራመርቲ ስነ-ኰዀብ,,gide,ተመረመረተሰነበ,1357286728613593149121
561,Athletes and Sports Competitors,ስፖርተኛታትን ናይ ስፖርት ተወዳደርትን,,gide,ሰፐረተኘተተነነየሰፐረተተወደደረተነ,9328286135156135135149149219932828613513518421221286135149
562,Athletic Trainers,ኣሰልጠንቲ ኣትለቲክስ,,gide,አሰለጠነተአተለተከሰ,16393582471491351631355813517093
563,Atmospheric Scientists,ተመራመርቲ ስነ ፍልጠት ጠፈር,,gide,ተመረመረተሰነፈለጠተጠፈረ,13572867286135931492755824713524727586
564,Attorneys,ኣርማድዮ,,gide,አረመደየ,1638672212219
565,Audio and Video Technicians,ናይ ኦድዮን ቪድዮን ቴክኒካት,,gide,ነየአደየነቨደየነተከነከተ,149219163212219149128212219149135170149170135
566,Audiologists,ኣዱሊስ,,gide,አደለሰ,1632125893
567,Auditing Clerks,ኣቕሽሽቲ ኦዲት ምግባር,,gide,አቐሸሸተአደተመገበረ,1631141001001351632121357224012186
568,Auditors,ኦዲተራት,,gide,አደተረተ,16321213586135
569,Authors,ደረስቲ,,gide,ደረሰተ,2128693135
570,Automated Teller Machine (ATM) Repairers,ብማኪና ዝተሰርሓ ጨረር ማሽን  ጽገናታት(Automated Teller Machine (ATM) Repairers),,gide,በመከነዘተሰረሐጨረረመሸነጸገነተተ,12172170149198135938665254868672100149261240149135135
571,Automotive and Watercraft Service Attendants,ጋራዥ ኣገልግሎት ኣስማት,,gide,ገረዠአገለገለተአሰመተ,2408620516324058240581351639372135
572,Automotive Body and Glass Repairers,ጋራዥ ሰብነትን ጽገና ግላስን,,gide,ገረዠሰበነተነጸገነገለሰነ,24086205931211491351492612401492405893149
573,Automotive Service Technicians and Mechanics,ጋራጃት ቴክኒሻናትን መካኒካንን,,gide,ገረጀተተከነሸነተነመከነከነነ,2408623313513517014910014913514972170149170149149
574,Avionics Equipment Mechanics and Technicians,ስነ-ጽባቐክስ ማዕቐብ መካኒክን ቴክኒሻናትን,,gide,ሰነጸበቐከሰመዐቐበመከነከነተከነሸነተነ,93149261121114170937219111412172170149170149135170149100149135149
575,Baggage Porters and Bellhops,ቦርሳ ሪፖርተራትን ቤልሆፕስን,,gide,በረሰረፐረተረተነበለሀፐሰነ,1218693862828613586135149121585128293149
576,Bailiffs,በረድ,,gide,በረደ,12186212
577,Bakers,ሰንከትቲ,,gide,ሰነከተተ,93149170135135
578,Barbers,ቀምቀምቲ ወይ ቆነንቲ,,gide,ቀመቀመተወየቀነነተ,1077210772135184219107149149135
579,Bartenders,ባርተንደር,,gide,በረተነደረ,1218613514921286
580,Behavioral Disorder Counselors,ናይ ባህሪ ጸገማት ምኽሪ,,gide,ነየበሀረጸገመተመኸረ,1492191215186261240721357217786
581,Benefits Managers,ኣካየድቲ ጥቕሚ,,gide,አከየደተጠቐመ,16317021921213524711472
582,Bicycle Repairers,ጽገና ብሽክለታ,,gide,ጸገነበሸከለተ,26124014912110017058135
583,Bill Collectors,ሕብሪ ቘርበት,,gide,ሐበረቘረበተ,651218636086121135
584,Biochemists and Biophysicists,ባዮከሚከኛታትን ባዮፊዚከኛታትን,,gide,በየከመከኘተተነበየፈዘከኘተተነ,12121917072170156135135149121219275198170156135135149
585,Biological Scientists (all other),ስነ-ህይወታዊ ስነ-ፍልጠተኛታት (Biological Scientists (all other)),,gide,ሰነሀየወተወሰነፈለጠተኘተተ,93149512191841351849314927558247135156135135
586,Biological Technicians,ባዮሎጂካዊ ቴክኒካት,,gide,በየለጀከወተከነከተ,12121958233170184135170149170135
587,Biomedical Engineers,ኣብ ላዕሊ እተጠቕሱ ሰባት,,gide,አበለዐለአተጠቐሰሰበተ,16312158191581631352471149393121135
588,Biomedical Engineers,ኣብ ላዕሊ እተጠቕሱ ሰባት,,gide,አበለዐለአተጠቐሰሰበተ,16312158191581631352471149393121135
589,Blockmasons,መባርቕ,,gide,መበረቐ,7212186114
590,Boiler Operators,ተሽከርካሪ,,gide,ተሸከረከረ,1351001708617086
591,Boilermakers,ተሽከርካሪ,,gide,ተሸከረከረ,1351001708617086
592,Bookkeeping Clerks,ዓቃብ መጻሕፍቲ,,gide,ዐቀበመጸሐፈተ,1911071217226165275135
593,Bookkeeping, Accounting, and Auditing Clerks,ምዕቃብ መጽሓፍን ሕሳብን ኣቕሽሽትን,,
594,Brazers,ብራዘርስ,,gide,በረዘረሰ,121861988693
595,Brickmasons,ወርቃዊ መገድታት,,gide,ወረቀወመገደተተ,1848610718472240212135135
596,Bridge and Lock Tenders,ድልድልን ሎክ ጅማውትን,,gide,ደለደለነለከጀመወተነ,21258212581495817023372184135149
597,Broadcast Engineering Technicians,ኢንጂነሪንግ ተክኒሻናት ፈነወ,,gide,አነጀነረነገተከነሸነተፈነወ,16314923314986149240135170149100149135275149184
598,Budget Analysts,ተንተንቲ ባጀት,,gide,ተነተነተበጀተ,135149135149135121233135
599,Building Cleaners,ኣጽረይቲ ህንጻ,,gide,አጸረየተሀነጸ,1632618621913551149261
600,Building Cleaning Workers (all other),ናይ ጽሬት ሰራሕተኛታት ኣብ ህንጻ),,gide,ነየጸረተሰረሐተኘተተአበሀነጸ,1492192618613593866513515613513516312151149261
601,Building Inspectors,ተቖጻጸርቲ ህንጻ,,gide,ተቐጸጸረተሀነጸ,1351142612618613551149261
602,Bus Drivers,ናይ ኣውቶቡስ ኣውቲስታ,,gide,ነየአወተበሰአወተሰተ,1492191631841351219316318413593135
603,Business Operations Specialists (all other),ክኢላ ዕዮ ንግዲ),,gide,ከአለዐየነገደ,17016358191219149240212
604,Butchers,ሰራሕተኛ እንዳ ስጋ,,gide,ሰረሐተኘአነደሰገ,93866513515616314921293240
605,Buyers,ዕድጊ,,gide,ዐደገ,191212240
606,Camera and Photographic Equipment Repairers,ምዕራይ ካሜራን ናይ ስእሊ ዕጥቂን,,gide,መዐረየከመረነነየሰአለዐጠቀነ,721918621917072861491492199316358191247107149
607,Camera Operators,ኦፕሬተራት ካሜራ,,gide,አፐረተረተከመረ,16328286135861351707286
608,Cardiovascular Technologists and Technicians,ክኢላታት ቴክኒክን ሞያን ልቢ,,gide,ከአለተተተከነከነመየነለበ,170163581351351351701491701497221914958121
609,Career and Technical Education Teachers,ሞያውያንን ቴክኒካውያንን መምህራን,,gide,መየወየነነተከነከወየነነመመሀረነ,7221918421914914913517014917018421914914972725186149
610,Career Counselors,ምኽሪ ሞያ,,gide,መኸረመየ,721778672219
611,Cargo and Freight Agents,ናይ ጽዕነትን ናይ ጽዕነትን ምጕዕዓዝ ኣጋፍዓን,,gide,ነየጸዐነተነነየጸዐነተነመጐዐዐዘአገፈዐነ,14921926119114913514914921926119114913514972297191191198163240275191149
612,Carpenters,ጸረብቲ ወይ ካርፐንተር,,gide,ጸረበተወየከረፐነተረ,261861211351842191708628214913586
613,Carpet Installers,ኣንጻፋይ,,gide,አነጸፈየ,163149261275219
614,Cartographers,ኣዳለውቲ ካርታ,,gide,አደለወተከረተ,1632125818413517086135
615,Cashiers,ካሽር tehazi genzeb,,gide,ከሸረ,17010086
616,Ceiling Tile Installers,ናሕሲ ኣብ መጻወድያታት መጋጠሚ,,gide,ነሐሰአበመጸወደየተተመገጠመ,1496593163121722611842122191351357224024772
617,Cement Masons,ነዳቓይ ስሚንቶ,,gide,ነደቐየሰመነተ,1492121142199372149135
618,Chauffeurs,ኣውቲስታ,,gide,አወተሰተ,16318413593135
619,Chefs,ኣዳላዊ መግቢ ኣብ ቤት መግብታት,,gide,አደለወመገበአበበተመገበተተ,163212581847224012116312112113572240121135135
620,Chemical Engineers,ኬሚካል ኢንግጅነር,,gide,ከመከለአነገጀነረ,170721705816314924023314986
621,Chemical Equipment Operators and Tenders,ናይ ኬሚካል መሳርሒታትን ጅማውትን ኦፐሬቶር,,gide,ነየከመከለመሰረሐተተነጀመወተነአፐረተረ,149219170721705872938665135135149233721841351491632828613586
622,Chemical Plant and System Operators,መደበር ከሚካልን ተክኒከሽንን ኦፐሬቶር,,gide,መደበረከመከለነተከነከሸነነአፐረተረ,722121218617072170581491351701491701001491491632828613586
623,Chemical Technicians,ናይ ኬሚካል ቴክኒሻን,,gide,ነየከመከለተከነሸነ,1492191707217058135170149100149
624,Chemists,ኬሚስት,,gide,ከመሰተ,1707293135
625,Childcare Center Directors,ዳይረክተር ማእከል ክንክን ህጻናት,,gide,ደየረከተረመአከለከነከነሀጸነተ,2122198617013586721631705817014917014951261149135
626,Childcare Workers,ሰራሕተኛታት መውዓሊ ህጻናት,,gide,ሰረሐተኘተተመወዐለሀጸነተ,938665135156135135721841915851261149135
627,Chiropractors,ስነ ክንክ ኣዕጽምትን ጭዋዳታትን,,gide,ሰነከነከአዐጸመተነጨወደተተነ,9314917014917016319126172135149254184212135135149
628,Choreographers,ኮረግራፈር,,gide,ከረገረፈረ,170862408627586
629,Civil Engineering Technicians,ሲቪል ኢንጂነሪንግ ተክኒሻን,,gide,ሰቨለአነጀነረነገተከነሸነ,931285816314923314986149240135170149100149
630,Civil Engineers,ስቪል ሰርቪስ ኢንጂነራት,,gide,ሰቨለሰረቨሰአነጀነረተ,931285893861289316314923314986135
631,Claims Adjusters, Appraisers, Examiners, and Investigators,,
632,Cleaning, Washing, and Metal Pickling Equipment Operators and Tenders,ምጽራይን ምሕጻብን መታልሕን ናይ ምዕጣቕ ኦፕሬተራትን ጅማውትን,,
633,Clergy,ቀሺ,,gide,ቀሸ,107100
634,Clerks,ጸሓፊ,,gide,ጸሐፈ,26165275
635,Clinical Laboratory Technologists and Technicians,ክኢላታት ላቦራቶሪ ቴክኒክን ሞያን,,gide,ከአለተተለበረተረተከነከነመየነ,1701635813513558121861358613517014917014972219149
636,Coaches and Scouts,ኣሰልጠንቲን ስካውትን,,gide,አሰለጠነተነሰከወተነ,163935824714913514993170184135149
637,Coating Workers,ለኻዪ ሕብርን ኣጸባባቕን,,gide,ለኸየሐበረነአጸበበቐነ,581772196512186149163261121121114149
638,Commercial Designers,ነደፍቲ ንግዲ,,gide,ነደፈተነገደ,149212275135149240212
639,Commercial Divers,ንግዳዊ ንጥፈታት ዘካዪድ,,gide,ነገደወነጠፈተተዘከየደ,149240212184149247275135135198170219212
640,Commodities Sales Agents,ወኪል ዝሸዪጥ ዝልውጥ ን ዓበይቲ ነገራት,,gide,ወከለዘሸየጠዘለወጠነዐበየተነገረተ,184170581981002192471985818424714919112121913514924086135
641,Communications Equipment Operators,ናይ መራኸቢ ማዕቐባት ተክኒካት,,gide,ነየመረኸበመዐቐበተተከነከተ,149219728617712172191114121135135170149170135
642,Community and Social Service Specialists,ናይ ማሕበረሰብን ማሕበራዊ ኣገልግሎትን ክኢላታት,,gide,ነየመሐበረሰበነመሐበረወአገለገለተነከአለተተ,14921972651218693121149726512186184163240582405813514917016358135135
643,Community Association Managers,ኣካየድቲ ማሕበር ማሕበረሰብ,,gide,አከየደተመሐበረመሐበረሰበ,16317021921213572651218672651218693121
644,Community Health Workers,ሰራሕተኛ ማሕበረሰብ,,gide,ሰረሐተኘመሐበረሰበ,93866513515672651218693121
645,Community Service Managers,ኣካያዲ ኮማዊ ኣገልግሎት,,gide,አከየደከመወአገለገለተ,163170219212170721841632405824058135
646,Compensation and Benefits Managers,ኣካያዲ ካሕሳን መኽሰባትን,,gide,አከየደከሐሰነመኸሰበተነ,16317021921217065931497217793121135149
647,Compensation, Benefits, and Job Analysis Specialists,ናይ ካሕሳ ኣታዊታትን ናይ ስራሕ ምርምር ኪኢላን,,
648,Compliance Officers,መኰንናት ጥርዓን,,gide,መነነተጠረዐነ,7214914913524786191149
649,Composers - Music,ኮምፖዘር ናይ ሙዚቓ,,gide,ከመፐዘረነየመዘቐ,170722821988614921972198114
650,Computer Control Programmers and Operators,ናይ ኮምፕዩተር ኦፕሬተር,,gide,ነየከመፐተረአፐረተረ,14921917072282135861632828613586
651,Computer Hardware Engineers,ናይ ኮምፒተር ክእለት ኢንጂነሪን,,gide,ነየከመፐተረከአለተአነጀነረነ,14921917072282135861701635813516314923314986149
652,Computer Managers,ኣካየድቲ ኮምፒዩተርkomputer managerat(Computer Managers),,gide,አከየደተከመፐተረ,1631702192121351707228213586
653,Computer Network Architects,ንድፊ ኮምፒዩተር,,gide,ነደፈከመፐተረ,1492122751707228213586
654,Computer Occupations (all other),ናይ ኮምፕዩተር ስራሕ ሓፈሻዊ),,gide,ነየከመፐተረሰረሐሐፈሸወ,149219170722821358693866565275100184
655,Computer Operators,ኮምፑተር ኦፕሬተራት,,gide,ከመፐተረአፐረተረተ,17072282135861632828613586135
656,Computer Programmers,ኮምፑተር ፕሮግራመር,,gide,ከመፐተረፐረገረመረ,170722821358628286240867286
657,Computer Repairers,ጽገና ኮምፒዩተር,,gide,ጸገነከመፐተረ,2612401491707228213586
658,Computer Scientists,ሊቃውንቲ ኮምፕዩተር,,gide,ለቀወነተከመፐተረ,581071841491351707228213586
659,Computer Software Engineers,ናይ ኮምፒዩተር ሶፍትዌር ኢንጂነሪንግ,,gide,ነየከመፐተረሰፈተወረአነጀነረነገ,1492191707228213586932751351848616314923314986149240
660,Computer Support Specialists,ክኢላ ደገፍ ኮምፕዩተር,,gide,ከአለደገፈከመፐተረ,170163582122402751707228213586
661,Computer Systems Administrators,ኣመሓዳሪ ኮምፕዩተር ሲስተምስ,,gide,አመሐደረከመፐተረሰሰተመሰ,163726521286170722821358693931357293
662,Computer Systems Analysts,ተንታኒ ኮምፕዩተር ሲስተምስ,,gide,ተነተነከመፐተረሰሰተመሰ,135149135149170722821358693931357293
663,Concierges,ሰራሕተኛ ናይ ብዙሓት ኣብ ግምት ዘህተወ ህንጻ ከም ሆቴል,,gide,ሰረሐተኘነየበዘሐተአበገመተዘሀተወሀነጸከመሀተለ,93866513515614921912119865135163121240721351985113518451149261170725113558
664,Conciliators,ማእከላይ ዳኛ,,gide,መአከለየደኘ,7216317058219212156
665,Conservation Scientists,ተመራመርቲ ስነ ፍልጠት ምዕቃብ,,gide,ተመረመረተሰነፈለጠተመዐቀበ,13572867286135931492755824713572191107121
666,Conservation Technicians,ተክኒሻን ምዕቃብ ኣግራብ,,gide,ተከነሸነመዐቀበአገረበ,1351701491001497219110712116324086121
667,Construction and Related Workers,ህንጸትን ተዛመድትን ሰራሕተኛታት,,gide,ሀነጸተነተዘመደተነሰረሐተኘተተ,5114926113514913519872212135149938665135156135135
668,Construction Equipment Operators,ኦፕሬተራት ህንጸት,,gide,አፐረተረተሀነጸተ,163282861358613551149261135
669,Construction Inspectors,ተቖጻጸርቲ ህንጻ,,gide,ተቐጸጸረተሀነጸ,1351142612618613551149261
670,Construction Laborers and Helpers,ሰራሕተኛታት ህንጸትን ሓገዝትን,,gide,ሰረሐተኘተተሀነጸተነሐገዘተነ,9386651351561351355114926113514965240198135149
671,Construction Managers,ኣካያዲ ህንጸት,,gide,አከየደሀነጸተ,16317021921251149261135
672,Construction Trades and Extraction Workers,ኣብ ዕዮ ህንጸትን ኣብ ዕዮ ህንጸትን ይካፈሉ,,gide,አበዐየሀነጸተነአበዐየሀነጸተነየከፈለ,163121191219511492611351491631211912195114926113514921917027558
673,Continuous Mining Machine Operators,ናይ ዕደና ማሺን ኦፐሬቶር,,gide,ነየዐደነመሸነአፐረተረ,149219191212149721001491632828613586
674,Control and Valve Installers and Repairers (Except Mechanical Door),ቁጽጽርን ዋጋ ዘለዎም መሻጥን ጽገናታትን),,gide,ቀጸጸረነወገዘለወመመሸጠነጸገነተተነ,10726126186149184240198581847272100247149261240149135135149
675,Cooks,ከሻናይ,,gide,ከሸነየ,170100149219
676,Cooling and Freezing Equipment Operators and Tenders,ናይ ምዝሓልን ምብዛሕን ክእለት ኦፕሬተራትን ጅማውትን,,gide,ነየመዘሐለነመበዘሐነከአለተአፐረተረተነጀመወተነ,149219721986558149721211986514917016358135163282861358613514923372184135149
677,Correctional Officers,ኮር ሓላፍቲ,,gide,ከረሐለፈተ,170866558275135
678,Correctional Treatment Specialists,ክኢላታት ሕክምና መምርሒ,,gide,ከአለተተሐከመነመመረሐ,17016358135135651707214972728665
679,Correspondents,ደብዳበ,,gide,ደበደበ,212121212121
680,Cosmetologists,ክኢላታት ስነ-ቝጽሪ,,gide,ከአለተተሰነቝጸረ,170163581351359314936426186
681,Cost Estimators,ተመንቲ ዋጋ,,gide,ተመነተወገ,13572149135184240
682,Costume Attendants,ዋጋ ዘኽፍሉ ሰባት,,gide,ወገዘኸፈለሰበተ,1842401981772755893121135
683,Counselors (all other),ኣማኸርቲ),,gide,አመኸረተ,1637217786135
684,Counter and Rental Clerks,ናይ ሕግን ናይ ኣእምሮን ካህናት,,gide,ነየሐገነነየአአመረነከሀነተ,14921965240149149219163163728614917051149135
685,Couriers and Messengers,መልእኽትን መልእኽትን,,gide,መለአኸተነመለአኸተነ,72581631771351497258163177135149
686,Court Reporters,ጋዜጠኛታት ቤት ፍርዲ,,gide,ገዘጠኘተተበተፈረደ,24019824715613513512113527586212
687,Craft Artists,ኣርቲስት,,gide,አረተሰተ,1638613593135
688,Credit Analysts,ተንተንቲ ልቓሕ,,gide,ተነተነተለቐሐ,1351491351491355811465
689,Credit Counselors,ምኽሪ ልቓሕ,,gide,መኸረለቐሐ,72177865811465
690,Crossing Guards,ኣብ ስግግር ተሓጋጋዚ ን ከም ኣብ ጽርግያ ምስጋር ዝተሃጋገዝ,,gide,አበሰገገረተሐገገዘነከመአበጸረገየመሰገረዘተሀገገዘ,163121932402408613565240240198149170721631212618624021972932408619813551240240198
691,Crushing, Grinding, and Polishing Machine Setters, Operators,,
692,Curators,መርመርቲ,,gide,መረመረተ,72867286135
693,Customer Service Representatives,ናይ ዓሚ ተወከልቲ,,gide,ነየዐመተወከለተ,1492191917213518417058135
694,Cutters and Trimmers (Hand),ቆረጽትን ኣመዓራረይትን ን ንቢኢድ ዝስራሕ),,gide,ቀረጸተነአመዐረረየተነነነበአደዘሰረሐ,10786261135149163721918686219135149149149121163212198938665
695,Cutting and Slicing Machine Setters, Operators, and Tenders,ማሽን ፡ ኦፕሬተራትን ጅማትን,,
696,Dancers,ሳዕስዒት,,gide,ሰዐሰዐተ,9319193191135
697,Data Entry Keyers,መእተዊ ሓበሬታ,,gide,መአተወሐበረተ,721631351846512186135
698,Database Administrators,ኣመሓደርቲ ማዕከን ዳታ,,gide,አመሐደረተመዐከነደተ,16372652128613572191170149212135
699,Delivery Truck Drivers and Driver/Sales Workers,ሰራሕተኛን ናይ ጽዕነት መካይን,,gide,ሰረሐተኘነነየጸዐነተመከየነ,93866513515614914921926119114913572170219149
700,Demonstrators and Product Promoters,መርኣያታትን መፍረይትን ናይ ውጺት ኣታባባዕን,,gide,መረአየተተነመፈረየተነነየወጸተአተበበዐነ,72861632191351351497227586219135149149219184261135163135121121191149
701,Dental Assistants,ናይ ስኒ ሓገዝ,,gide,ነየሰነሐገዘ,1492199314965240198
702,Dental Hygienists,ናይ ስኒ ህየሳ,,gide,ነየሰነሀየሰ,149219931495121993
703,Dental Laboratory Technicians,ናይ ስኒ ላባራቶሪ ቴክኒካት,,gide,ነየሰነለበረተረተከነከተ,14921993149581218613586135170149170135
704,Dentists,ሓኪም ስኒ,,gide,ሐከመሰነ,651707293149
705,Derrick Operators (Oil and Gas),ኦፕሬተራት ደርቂ (Derrick Operators (Oil and Gas)),,gide,አፐረተረተደረቀ,163282861358613521286107
706,Designers (all other),ዲዛይነራት (Designers (all other)),,gide,ደዘየነረተ,21219821914986135
707,Desktop Publishers,ደስክቶፕ ሓተምቲ,,gide,ደሰከተፐሐተመተ,212931701352826513572135
708,Development Managers,ናይ ምዕባለ ኣካየድቲ ስራሕ,,gide,ነየመዐበለአከየደተሰረሐ,1492197219112158163170219212135938665
709,Diagnostic Medical Sonographers,ኣዳለውቲ ሕክምና ወዲ,,gide,አደለወተሐከመነወደ,163212581841356517072149184212
710,Diesel Service Technicians and Mechanics,ናይ ናፍታ ኣገልግሎት ቴክኒሻናትን ሜካኒካንን,,gide,ነየነፈተአገለገለተተከነሸነተነመከነከነነ,149219149275135163240582405813513517014910014913514972170149170149149
711,Dietitians,ኪኢላታት ስነ ኣመጋግባ,,gide,ከአለተተሰነአመገገበ,170163581351359314916372240240121
712,Directors - Film, Theater,ዳይረክተራት - ፊልምን ትያትርን,,,
713,Directors - Music,ዳይረክተራት ሙዚቃ,,gide,ደየረከተረተመዘቀ,212219861701358613572198107
714,Dishwashers,ሓጸብቲ ኣቕሑ,,gide,ሐጸበተአቐሐ,6526112113516311465
715,Dispatchers (Except Police, Fire, and Ambulance),ናይ ህጹጽን ዘይህጹጽን ተለፎናት ተቐባልን ጸሓፍን ሓበሬታ ኣመሓላላፍን(Dispatchers (Except Police,,
716,Dispatchers (Police, Fire, and Ambulance),ናይ ህጹጽን ዘይህጹጽን ተለፎናት ተቐባልን ጸሓፍን ሓበሬታ ኣመሓላላፍን(Dispatchers (Police,,
717,Doctors,ሓካይም,,gide,ሐከየመ,6517021972
718,Door-to-Door Sales Workers, News and Street Vendors, and Related Workers,ካብ ቤት ናብ ቤት እናኸዱ ዝሰርሑ ሰልሰኛታት ፡ ዜናታትን ጐደናታትን ዝሰርሑ ፡ ከምኡ ውን እተራኸቡ ሰራሕተኛታት,,
719,Drafters,ቅብኣት,,gide,ቀበአተ,107121163135
720,Drywall Installers,ጽኑዕ መእሰሪ,,gide,ጸነዐመአሰረ,261149191721639386
721,Earth Drillers (Except Oil and Gas),ኮዓትቲ ምድሪ (Earth Drillers (Except Oil and Gas)),,gide,ከዐተተመደረ,1701911351357221286
722,Economists,ክኢላታት ስነ-ቁጠባ,,gide,ከአለተተሰነቀጠበ,1701635813513593149107247121
723,Editors,ኣሰናዳእቲ,,gide,አሰነደአተ,16393149212163135
724,Education Administrators - Elementary, Middle, and High School,ኣመሓደርቲ መባእታን ማእከላይን ካልኣይን ደረጃ ትምህርቲ,,
725,Education Administrators - Postsecondary,ኣመሓደርቲ ትምህርቲ - ርእሰ-ምትእምማን,,gide,አመሐደረተተመሀረተረአሰመተአመመነ,1637265212861351357251861358616393721351637272149
726,Education Administrators,ኣመሓደርቲ ትምህርቲ,,gide,አመሐደረተተመሀረተ,163726521286135135725186135
727,Education, Training, and Library Workers,ትምህርትን ስልጠናን ሰራሕተኛታት ቤተ መጻሕፍትን,,
728,Electrical and Electronics Engineering Technicians,ኤለትሪካዊን ኤሌክትሮኒካዊን ኢንጂነሪንግ ቴክኒሻናት,,gide,አለተረከወነአለከተረነከወነአነጀነረነገተከነሸነተ,1635813586170184149163581701358614917018414916314923314986149240135170149100149135
729,Electrical and Electronics Engineers,ኤለትሪካውን ኤሌክትሮኒካውን ኢንጂነራት,,gide,አለተረከወነአለከተረነከወነአነጀነረተ,1635813586170184149163581701358614917018414916314923314986135
730,Electrical and Electronics Engineers,ኤለትሪካውን ኤሌክትሮኒካውን ኢንጂነራት,,gide,አለተረከወነአለከተረነከወነአነጀነረተ,1635813586170184149163581701358614917018414916314923314986135
731,Electrical and Electronics Installers and Repairers,ኤለክትሪካውን ኤለክትሮኒካውን ናውቲ ፡ ከምኡውን ጽገና,,gide,አለከተረከወነአለከተረነከወነነወተ፡ከመአወነጸገነ,1635817013586170184149163581701358614917018414914918413529017072163184149261240149
732,Electricians,ኤሌትሪክ,,gide,አለተረከ,1635813586170
733,Electro-mechanical Technicians,ኤለክትሮ-መካኒካዊ መሳርሒታት,,gide,አለከተረመከነከወመሰረሐተተ,16358170135867217014917018472938665135135
734,Electronic Home Entertainment Equipment Installers and Repairers,ኤለክትሮኒካዊ ምዝንጋዕ ቤት ፡ ኣባይትን ጸገንቲን,,gide,አለከተረነከወመዘነገዐበተ፡አበየተነጸገነተነ,163581701358614917018472198149240191121135290163121219135149261240149135149
735,Elementary School Principals,መባእታዊ ስርዓታት ቤት ትምህርቲ,,gide,መበአተወሰረዐተተበተተመሀረተ,721211631351849386191135135121135135725186135
736,Elementary School Teachers,መምህራን መባእታ ቤት ትምህርቲ,,gide,መመሀረነመበአተበተተመሀረተ,7272518614972121163135121135135725186135
737,Elevator Installers and Repairers,ብራኸ ዘለዎ መዝሓሊታትን ጸገንቲ,,gide,በረኸዘለወመዘሐለተተነጸገነተ,1218617719858184721986558135135149261240149135
738,Embalmers,ካብ ኣካላት ወዲ ሰብ ፈሳሲ ንከይወጽእ ዝከላከል ዝገብሩ,,gide,ከበአከለተወደሰበፈሰሰነከየወጸአዘከለከለዘገበረ,17012116317058135184212931212759393149170219184261163198170581705819824012186
739,Emergency Management Directors,ህጹጽ መምርሒ ምሕደራ,,gide,ሀጸጸመመረሐመሐደረ,5126126172728665726521286
740,Emergency Medical Technicians (EMTs),ሃንደበታዊ ናይ ሕክምና ክኢላታት (Emergency Medical Technicians (EMTs)),,gide,ሀነደበተወነየሐከመነከአለተተ,51149212121135184149219651707214917016358135135
741,Emergency Response Dispatchers,ህጹጽ ምላሽ ወይቦ,,gide,ሀጸጸመለሸወየበ,512612617258100184219121
742,Engineering Managers,ኣካየድቲ ምህንድስና,,gide,አከየደተመሀነደሰነ,163170219212135725114921293149
743,Engineering Technicians, except Drafters (all other),ክኢላታት ሞያ ምህንድስና ፡ ብዘይካ ድራር (Engineering Technicians, except Drafters (all other)),,
744,Entertainers and Performers, Sports and Related Workers (all other),ኣዘናጋዕትን ገያሾን ፡ ስፖርተኛታትን ተዛመድቲ ሰራሕተኛታትን (Entertainers and Performers, Sports and Related Workers (all other)),,
745,Entertainment Attendants and Related Workers (all other),ናይ መዘናግዒ ቦታታትን ናይ ስራሕ ሰራሕተኛታትን (Entertainment Attendants and Related Workers (all other)),,gide,ነየመዘነገዐበተተተነነየሰረሐሰረሐተኘተተነ,14921972198149240191121135135135149149219938665938665135156135135149
746,Environmental Engineering Technicians,ናይ ኣከባቢ ኢንጂነሪንግ ተክኒሻናት,,gide,ነየአከበበአነጀነረነገተከነሸነተ,14921916317012112116314923314986149240135170149100149135
747,Environmental Engineers,ንኣከባቢያዊ ኣሰራርሓ ዝሕግዙ ኢንጂነራት,,gide,ነአከበበየወአሰረረሐዘሐገዘአነጀነረተ,149163170121121219184163938686651986524019816314923314986135
748,Environmental Engineers,ንኣከባቢያዊ ኣሰራርሓ ዝሕግዙ ኢንጂነራት,,gide,ነአከበበየወአሰረረሐዘሐገዘአነጀነረተ,149163170121121219184163938686651986524019816314923314986135
749,Environmental Science and Protection Technicians,ኣከባብያዊ ስነ-ፍልጠትን ሓልየት ውሃብቲ ቴክኒክን,,gide,አከበበየወሰነፈለጠተነሐለየተወሀበተተከነከነ,1631701211212191849314927558247135149655821913518451121135135170149170149
750,Environmental Scientists and Specialists,ተመራመርቲ ስነ-ኣከባብያዊ ስነ-ፍልጠትን ክኢላታት ስነ-ፍልጠትን,,gide,ተመረመረተሰነአከበበየወሰነፈለጠተነከአለተተሰነፈለጠተነ,13572867286135931491631701211212191849314927558247135149170163581351359314927558247135149
751,Epidemiologists,ክኢላታት ስነ ሕማም ቅዛነት,,gide,ከአለተተሰነሐመመቀዘነተ,1701635813513593149657272107198149135
752,Etchers and Engravers,ዕጨይትን ነጋዶን,,gide,ዐጨየተነነገደነ,191254219135149149240212149
753,Exercise Physiologists,ክኢላታት ሕክምና,,gide,ከአለተተሐከመነ,170163581351356517072149
754,Explosives Workers, Ordnance Handling Experts, and Blasters,ንሰራሕተኛታትን ስሪትን ኤንድ ኤንድ ፍላይድ,,
755,Extraction Worker Helpers,ወሃብቲ ተወሳኺ ሓገዝ,,gide,ወሀበተተወሰኸሐገዘ,184511211351351849317765240198
756,Extraction Workers (all other),ሰራሕተኛታት ተወሳኺ ስራሕ (Extraction Workers (all other)),,gide,ሰረሐተኘተተተወሰኸሰረሐ,93866513515613513513518493177938665
757,Extruding and Forming Machine Setters, Operators, and Tenders (Synthetic and Glass Fibers),ማሽን ፡ ኦፕሬተራትን ጅማውትን (Extruding and Forming Machine Setters,,
758,Extruding, Forming, Pressing, and Compacting Machine Setters,,
759,Fabric and Apparel Patternmakers,ፈጠራውነትን ኣርባሒ ስእልን,,gide,ፈጠረወነተነአረበሐሰአለነ,2752478618414913514916386121659316358149
760,Fabric Menders (Except Garment),ዓለባ መንደር (Fabric Menders (Except Garment)),,gide,ዐለበመነደረ,191581217214921286
761,Fabricators,ዓለባ,,gide,ዐለበ,19158121
762,Family Therapists,ሕክምና ስድራ ቤት,,gide,ሐከመነሰደረበተ,65170721499321286121135
763,Farm Labor Contractors,ኮንትራክተራት ሕርሻ,,gide,ከነተረከተረተሐረሸ,17014913586170135861356586100
764,Farmers,ሓረስቶት,,gide,ሐረሰተተ,658693135135
765,Farming, Fishing, and Forestry Workers,ሕርሻን ምግፋፍ ዓሳን ሰራሕተኛታት ዱርን,,
766,Fashion Designers,ዲዛይነራት ፋሽን,,gide,ደዘየነረተፈሸነ,21219821914986135275100149
767,Fence Erectors,ሓጸርቲ ሓጹር,,gide,ሐጸረተሐጸረ,65261861356526186
768,Film Editors,ኣሰናዳእቲ ፊልም,,gide,አሰነደአተፈለመ,163931492121631352755872
769,Financial Analysts,ተንተንቲ ገንዘብ,,gide,ተነተነተገነዘበ,135149135149135240149198121
770,Financial Clerks,ናይ ገንዘብ ኣቕሽሽቲ,,gide,ነየገነዘበአቐሸሸተ,149219240149198121163114100100135
771,Financial Examiners,ገንዘባዊ እቶት,,gide,ገነዘበወአተተ,240149198121184163135135
772,Financial Managers,ኣካየድቲ ገንዘብ,,gide,አከየደተገነዘበ,163170219212135240149198121
773,Financial Services Sales Agents,ናይ ገንዘብ ኣገልግሎት መሳለጥያታት,,gide,ነየገነዘበአገለገለተመሰለጠየተተ,1492192401491981211632405824058135729358247219135135
774,Financial Specialists,ናይ ገንዘብ ክኢላታት,,gide,ነየገነዘበከአለተተ,14921924014919812117016358135135
775,Fine Artists,ሰኣላይ፣ጸራባይ፣ኮሓላይ ን ስእሊ፣ ቤትሮታት ዝኣመሰሉ,,gide,ሰአለየ፣ጸረበየ፣ከሐለየነሰአለ፣በተረተተዘአመሰለ,9316358219291261861212192911706558219149931635829112113586135135198163729358
776,Fire Fighting and Prevention Workers,ሰራሕተኛታት ምክልኻልን ሓዊ,,gide,ሰረሐተኘተተመከለኸለነሐወ,93866513515613513572170581775814965184
777,Fire Inspectors and Investigators,መርመርቲ መጥፋእቲ ሓዊን መርመርትን,,gide,መረመረተመጠፈአተሐወነመረመረተነ,72867286135722472751631356518414972867286135149
778,Firefighters,መጥፋእቲ ሓዊ,,gide,መጠፈአተሐወ,7224727516313565184
779,First-line Supervisors of Protective Service Workers (all other),ኣብ ቀዳማይ መስመር ዝሰርሑ ተቖጻጸርቲ ናይ ዕቝባ ኣገልግሎት (First-line Supervisors of Protective Service Workers (all other)),,gide,አበቀደመየመሰመረዘሰረሐተቐጸጸረተነየዐቝበአገለገለተ,1631211072127221972937286198938665135114261261861351492191913641211632405824058135
780,Fishing Workers,ሰራሕተኛታት ዓሳ,,gide,ሰረሐተኘተተዐሰ,93866513515613513519193
781,Fitness Trainers and Instructors,ናይ የሆዋ መሰኻኽር ኣሰልጠንትን መምህራንን,,gide,ነየየሀወመሰኸኸረአሰለጠነተነመመሀረነነ,14921921951184729317717786163935824714913514972725186149149
782,Flight Attendants,ሓለውቲ በረራ,,gide,ሐለወተበረረ,65581841351218686
783,Flight Engineers,ኢንጂነራት በረራ,,gide,አነጀነረተበረረ,163149233149861351218686
784,Flight Engineers,ኢንጂነራት በረራ,,gide,አነጀነረተበረረ,163149233149861351218686
785,Floor Layers,ናይ ደርቢ ላይተር,,gide,ነየደረበለየተረ,149219212861215821913586
786,Floor Sanders and Finishers,ባይታ ሳንደርስን ፊንሸራትን,,gide,በየተሰነደረሰነፈነሸረተነ,12121913593149212869314927514910086135149
787,Floral Designers,መዳቢ፣ኣንቃጺ፣ኣጸባባቒ  ነዳፊ ን ዕንባባታት,,gide,መደበ፣አነቀጸ፣አጸበበቐነደፈነዐነበበተተ,72212121291163149107261291163261121121114149212275149191149121121135135
788,Food and Beverage Serving and Related Workers,ኣዳላዊ መግቢን መስተን ምስኡ ዝተሓሓዝ ሰራሕተኛ,,gide,አደለወመገበነመሰተነመሰአዘተሐሐዘሰረሐተኘ,1632125818472240121149729313514972931631981356565198938665135156
789,Food Preparation and Serving Workers,ኣዳላዊ መግብን መስተን ኣገልጋሊ ሰራሕተኛታትን,,gide,አደለወመገበነመሰተነአገለገለሰረሐተኘተተነ,163212581847224012114972931351491632405824058938665135156135135149
790,Food Preparation Workers,ዕዮ ምድላው ምግቢ,,gide,ዐየመደለወመገበ,191219722125818472240121
791,Food Processing Workers,መስርሕ መግቢ ሰራሕተኛታት,,gide,መሰረሐመገበሰረሐተኘተተ,7293866572240121938665135156135135
792,Food Science Technicians,ናይ ምግቢ ሳይንስ ቴክኒካት,,gide,ነየመገበሰየነሰተከነከተ,149219722401219321914993135170149170135
793,Food Scientists,ክኢላታት ስነ-መግቢ,,gide,ከአለተተሰነመገበ,170163581351359314972240121
794,Food Service Managers,ኣካየድቲ ስራሕ ኣገልግሎት መግቢ,,gide,አከየደተሰረሐአገለገለተመገበ,163170219212135938665163240582405813572240121
795,Forensic Science Technicians,ክኢላታት ስነ-ፍልጠት ቅድመ-ኵነት,,gide,ከአለተተሰነፈለጠተቀደመነተ,17016358135135931492755824713510721272149135
796,Forest and Conservation Technicians,ክኢላታት ሕክምና ዱርን ስነ-ቝጠባን,,gide,ከአለተተሐከመነደረነሰነቝጠበነ,1701635813513565170721492128614993149364247121149
797,Forest and Conservation Workers,ሰራሕተኛታት ዱርን ዕቃበን,,gide,ሰረሐተኘተተደረነዐቀበነ,93866513515613513521286149191107121149
798,Forest Fire Inspectors and Prevention Specialists,ክኢላታት ምክልኻል ባርዕ ጫካ,,gide,ከአለተተመከለኸለበረዐጨከ,1701635813513572170581775812186191254170
799,Foresters,ስነ ገረብ,,gide,ሰነገረበ,9314924086121
800,Fundraisers,መዋፈሪ,,gide,መወፈረ,7218427586
801,Fundraising Managers,ሓለፍቲ ፈንድ,,gide,ሐለፈተፈነደ,6558275135275149212
802,Funeral Attendants,ናይ ቀብሪ ተኣከብቲ ጸብጻባይ,,gide,ነየቀበረተአከበተጸበጸበየ,14921910712186135163170121135261121261121219
803,Funeral Service Workers,ናይ ቀብሪ ሰራሕተኛታት,,gide,ነየቀበረሰረሐተኘተተ,14921910712186938665135156135135
804,Furnace, Kiln, Oven, Drier,,
805,Gaming Change Persons and Booth Cashiers,ምቅይያራት ጋህስን ምትሕልላፍ ቦትን,,gide,መቀየየረተገሀሰነመተሐለለፈበተነ,7210721921986135240519314972135655858275121135149
806,Gaming Services Workers,ሰራሕተኛታት ግልጋሎት ጊዘ,,gide,ሰረሐተኘተተገለገለተገዘ,9386651351561351352405824058135240198
807,Gaming Surveillance Officers,ሓለውቶም,,gide,ሐለወተመ,655818413572
808,Gas Compressor and Gas Pumping Station Operators,ንቴሌፎናት ጋዝን ንቴሌፎናት ጋዝ,,gide,ነተለፈነተገዘነነተለፈነተገዘ,1491355827514913524019814914913558275149135240198
809,Gas Plant Operators,ተኸናኸንቲ ጋዝ,,gide,ተኸነኸነተገዘ,135177149177149135240198
810,General Maintenance and Repair Workers,ሓፈሻዊ ሓለዋን ጽገናን ሰራሕተኛታት,,gide,ሐፈሸወሐለወነጸገነነሰረሐተኘተተ,652751001846558184149261240149149938665135156135135
811,General Office Clerks,ናይ ቤት ጽሕፈት ዋና ጸሓፊ,,gide,ነየበተጸሐፈተወነጸሐፈ,1492191211352616527513518414926165275
812,General Office Clerks,ናይ ቤት ጽሕፈት ዋና ጸሓፊ,,gide,ነየበተጸሐፈተወነጸሐፈ,1492191211352616527513518414926165275
813,Genetic Counselors,ጀነቲካዊ ምኽሪ,,gide,ጀነተከወመኸረ,2331491351701847217786
814,Geographers,ኣዳለውቲ መዝገበ ቃላት,,gide,አደለወተመዘገበቀለተ,163212581841357219824012110758135
815,Geological Engineers,ጂኦሎጂካዊ ኢንጅነሪንግ,,gide,ጀአለጀከወአነጀነረነገ,2331635823317018416314923314986149240
816,Geological Engineers,ጂኦሎጂካዊ ኢንጅነሪንግ,,gide,ጀአለጀከወአነጀነረነገ,2331635823317018416314923314986149240
817,Geological Technicians,ክኢላታት ስነ-መሬት,,gide,ከአለተተሰነመረተ,17016358135135931497286135
818,Geoscientists,ክኢላታት ስነ ፍልጠት,,gide,ከአለተተሰነፈለጠተ,170163581351359314927558247135
819,Glaziers,ግላዝቦርስ,,gide,ገለዘበረሰ,240581981218693
820,Graders and Sorters (Agricultural Products),ተመራመርትን ጋዜጠኛታትን (Graders and Sorters (Agricultural Products)),,gide,ተመረመረተነገዘጠኘተተነ,13572867286135149240198247156135135149
821,Graduate Teaching Assistants,ምሩቓት ናይ ትምህርቲ ሓገዝቲ,,gide,መረቐተነየተመሀረተሐገዘተ,728611413514921913572518613565240198135
822,Graphic Designers,ዲዛይነራት ስእሊ,,gide,ደዘየነረተሰአለ,212198219149861359316358
823,Grinding and Polishing Workers (Hand),ምጥሓንን ምብልሻውን ሰራሕተኛታት (Grinding and Polishing Workers (Hand)),,gide,መጠሐነነመበለሸወነሰረሐተኘተተ,72247651491497212158100184149938665135156135135
824,Grounds Maintenance Workers,ምኽኒያት ሰራሕተኛታት,,gide,መኸነየተሰረሐተኘተተ,72177149219135938665135156135135
825,Hairstylists,ስነ ጸጉሪ,,gide,ሰነጸገረ,9314926124086
826,Hand Laborers,ሸቃሎ,,gide,ሸቀለ,10010758
827,Hazardous Materials Removal Workers,ሰራሕተኛ ናይ ሓደጋ ነገራት ኣለይቲን ኣጽረይትን,,gide,ሰረሐተኘነየሐደገነገረተአለየተነአጸረየተነ,93866513515614921965212240149240861351635821913514916326186219135149
828,Head Cooks,ርእሰ ከሸንቲ,,gide,ረአሰከሸነተ,8616393170100149135
829,Health and Safety Engineers,ናይ ጥዕናን ድሕንነትን ኢንጂነራት,,gide,ነየጠዐነነደሐነነተነአነጀነረተ,1492192471911491492126514914913514916314923314986135
830,Health Diagnosing and Treating Practitioners,ናይ ጥዕና መመርመሪን ሕክምናን ሓኻይም,,gide,ነየጠዐነመመረመረነሐከመነነሐኸየመ,149219247191149727286728614965170721491496517721972
831,Health Educators and Community Health Workers,ትምህርቲ ጥዕናን ማሕበረሰብ ሰራሕተኛ ጥዕናን,,gide,ተመሀረተጠዐነነመሐበረሰበሰረሐተኘጠዐነነ,13572518613524719114914972651218693121938665135156247191149149
832,Health Information Technicians,ናይ ጥዕና ሓበሬታ ክኢላታት ቴክኒካት,,gide,ነየጠዐነሐበረተከአለተተተከነከተ,149219247191149651218613517016358135135135170149170135
833,Health Services Managers,ኣካየድቲ ናይ ጥዕና ኣገልግሎታት,,gide,አከየደተነየጠዐነአገለገለተተ,1631702192121351492192471911491632405824058135135
834,Health Technologists and Technicians,ናይ ጥዕና ቴክኖሎጅታትን ቴክኒሻናትን,,gide,ነየጠዐነተከነለጀተተነተከነሸነተነ,14921924719114913517014958233135135149135170149100149135149
835,Healthcare Practitioners and Technical Workers,ሰብሞያ ክንክን ጥዕናን ቴክኒካዊ ሰራሕተኛታትን,,gide,ሰበመየከነከነጠዐነነተከነከወሰረሐተኘተተነ,9312172219170149170149247191149149135170149170184938665135156135135149
836,Healthcare Support Workers ,ናይ ክንክን ጥዕና ደገፍ ሰራሕተኛታት,,gide,ነየከነከነጠዐነደገፈሰረሐተኘተተ,149219170149170149247191149212240275938665135156135135
837,Hearing Officers,ሰማዕቲ መኰንናት,,gide,ሰመዐተመነነተ,937219113572149149135
838,Heating and Air Conditioning Mechanics and Installers,መሞቒን መምረጺ ሜካኒካውን ኤነርጂን,,gide,መመቐነመመረጸመከነከወነአነረጀነ,72721141497272862617217014917018414916314986233149
839,Heavy and Tractor-trailer Truck Drivers,ከቢድን ትራክተር ዝዓይነታን ናይ ጽእነት ማኪና ዶክተራት,,gide,ከበደነተረከተረዘዐየነተነነየጸአነተመከነደከተረተ,17012121214913586170135861981912191491351491492192611631491357217014921217013586135
840,Heavy Vehicle Service Technicians,ናይ ከቢድ ብረት ኣገልግሎት ቴክኒሻናት,,gide,ነየከበደበረተአገለገለተተከነሸነተ,149219170121212121861351632405824058135135170149100149135
841,Helpers, Laborers, and Material Movers (Hand),ሓገዝቲ: ሸቃሎ: ማተርያል ሞተርስ (Helpers,,
842,High School Equivalency Diploma Teachers,መምህራን ካልኣይ ደረጃ,,gide,መመሀረነከለአየደረጀ,727251861491705816321921286233
843,High School Principals,ስርዓታት ካልኣይ ደረጃ ቤት ትምህርቲ,,gide,ሰረዐተተከለአየደረጀበተተመሀረተ,93861911351351705816321921286233121135135725186135
844,High School Teachers,መምህራን ካልኣይ ደረጃ,,gide,መመሀረነከለአየደረጀ,727251861491705816321921286233
845,High School Teachers,መምህራን ካልኣይ ደረጃ,,gide,መመሀረነከለአየደረጀ,727251861491705816321921286233
846,Highway Maintenance Workers,ጽርግያ ጽገና ሰራሕተኛታት,,gide,ጸረገየጸገነሰረሐተኘተተ,26186240219261240149938665135156135135
847,Historians,ጸሓፍቲ ታሪኽ,,gide,ጸሐፈተተረኸ,2616527513513586177
848,Home Appliance Repairers,ጽገና ኣባይቲ,,gide,ጸገነአበየተ,261240149163121219135
849,Home Health Aides,ጥዕና ገዛ,,gide,ጠዐነገዘ,247191149240198
850,Hotel Managers,ኣካየድቲ ሆቴል,,gide,አከየደተሀተለ,1631702192121355113558
851,Housekeeping and Janitorial Workers,ዓቀብቲ ቤትን ሰራሕተኛታት ጃኒተርን,,gide,ዐቀበተበተነሰረሐተኘተተጀነተረነ,19110712113512113514993866513515613513523314913586149
852,Housekeeping Cleaners,ጽሬት ቤት,,gide,ጸረተበተ,26186135121135
853,Human Resources Managers,ኣካየድቲ ዓቕሚ ሰብ,,gide,አከየደተዐቐመሰበ,1631702192121351911147293121
854,Human Resources Specialists,ክኢላታት ሰብ-ሃብቲ,,gide,ከአለተተሰበሀበተ,170163581351359312151121135
855,Human Service Assistants,ንሰብኣዊ ኣገልግሎት ሓገዝ,,gide,ነሰበአወአገለገለተሐገዘ,14993121163184163240582405813565240198
856,Hunting Workers,ሰራሕተኛታት ሃድን,,gide,ሰረሐተኘተተሀደነ,93866513515613513551212149
857,Hydrologists,ሃይድሮጀስት,,gide,ሀየደረጀሰተ,512192128623393135
858,Industrial Designers,ኢንዱስትርያዊ ነዳፊ,,gide,አነደሰተረየወነደፈ,1631492129313586219184149212275
859,Industrial Engineering Technicians,ኢንዱስትርያዊ ኢንጂነሪንግ ተክኒሻናት,,gide,አነደሰተረየወአነጀነረነገተከነሸነተ,163149212931358621918416314923314986149240135170149100149135
860,Industrial Engineers,ኢንዱስትርያዊ ኢንጂነሪንግ,,gide,አነደሰተረየወአነጀነረነገ,163149212931358621918416314923314986149240
861,Industrial Engineers,ኢንዱስትርያዊ ኢንጂነሪንግ,,gide,አነደሰተረየወአነጀነረነገ,163149212931358621918416314923314986149240
862,Industrial Machinery Mechanics and Maintenance Workers,ማሽነሪታት,,gide,መሸነረተተ,7210014986135135
863,Industrial Production Managers,ኣካየድቲ ኢንዱስትርያዊ ፍርያት,,gide,አከየደተአነደሰተረየወፈረየተ,163170219212135163149212931358621918427586219135
864,Information Clerks,ጸሓፍቲ ሓበሬታ,,gide,ጸሐፈተሐበረተ,261652751356512186135
865,Information Clerks,ጸሓፍቲ ሓበሬታ,,gide,ጸሐፈተሐበረተ,261652751356512186135
866,Information Research Scientists,ተመራመርቲ ስነ ፍልጠት,,gide,ተመረመረተሰነፈለጠተ,135728672861359314927558247135
867,Information Security Analysts,ተንተንቲ ጸጥታ ሓበሬታ,,gide,ተነተነተጸጠተሐበረተ,1351491351491352612471356512186135
868,Information Systems Managers,ኣካየድቲ ሓበሬታ ስስተምስ,,gide,አከየደተሐበረተሰሰተመሰ,163170219212135651218613593931357293
869,Inspectors, Testers, Sorters, Samplers,,
870,Installation, Maintenance, and Repair Worker Helpers,ተኸላ ፡ ጽገና ዝግበረሉ ፡ ከምኡውን ረሳሕ ሰራሕተኛ,,
871,Installation, Maintenance, and Repair Workers (all other),ሽመትን ኣካቢትን ሰራሕተኛታት ረዲኤትን (Installation,,
872,Instructional Coordinators,መምርሒ ንዚህቡ ኣተሓባበርቲ,,gide,መመረሐነዘሀበአተሐበበረተ,72728665149198511211631356512112186135
873,Insulation Workers,ንሰራሕተኛታት ምዝያድ,,gide,ነሰረሐተኘተተመዘየደ,14993866513515613513572198219212
874,Insurance Sales Agents,ትርጕም መድሕን,,gide,ተረጐመመደሐነ,13586297727221265149
875,Insurance Underwriters,ናይ መድሕን ጽሑፍ,,gide,ነየመደሐነጸሐፈ,149219722126514926165275
876,Interior Designers,ውሽጣዊ ንድፊ,,gide,ወሸጠወነደፈ,184100247184149212275
877,Interpreters,ተርጐምቲ,,gide,ተረጐመተ,1358629772135
878,Iron Workers,ሰራሕተኛታት ሓጺን,,gide,ሰረሐተኘተተሐጸነ,93866513515613513565261149
879,Janitors,ጃንሆል,,gide,ጀነሀለ,2331495158
880,Jewelers,ጀወለሪ ናይ ሽልማትን ወርቅን ሰራሕተኛ,,gide,ጀወለረነየሸለመተነወረቀነሰረሐተኘ,2331845886149219100587213514918486107149938665135156
881,Job Analysis Specialists,ኪኢላን ናይ ስራሕ ተንታኒ,,gide,ከአለነነየሰረሐተነተነ,17016358149149219938665135149135149
882,Journalists,ጋዜጠኛታት,,gide,ገዘጠኘተተ,240198247156135135
883,Judges,መሳፍንቲ ወይ ዳኛ ወይ መማዪ,,gide,መሰፈነተወየደኘወየመመየ,72932751491351842192121561842197272219
884,Kindergarten and Elementary School Teachers,መዋእለ ህጻናትን መባእታዊ ቤት ትምህርትን መምህራን,,gide,መወአለሀጸነተነመበአተወበተተመሀረተነመመሀረነ,7218416358512611491351497212116313518412113513572518613514972725186149
885,Kindergarten Teachers,መምህራን መዋእለ ህጻናት,,gide,መመሀረነመወአለሀጸነተ,72725186149721841635851261149135
886,Labor Relations Specialists,ክኢላታት ርክባት ሽቕለት,,gide,ከአለተተረከበተሸቐለተ,170163581351358617012113510011458135
887,Laboratory Animal Caretakers,ኣለይቲ ቤተ ፈተነ እንስሳታት,,gide,አለየተበተፈተነአነሰሰተተ,163582191351211352751351491631499393135135
888,Landscape Architects,ቅርጺ መሬት ወጣናይ,,gide,ቀረጸመረተወጠነየ,107862617286135184247149219
889,Landscaping, Lawn Service, and Groundskeeping Workers,ሰራሕተኛ ቅርጺ-መሬት ፡ ኣገልግሎት ምእላይ ፡ ዓቀብቲ መሬት,,
890,Lawyers,ጠበቓ,,gide,ጠበቐ,247121114
891,Layout Workers (Metal and Plastic),ሰራሕተኛታት መንብሮ (Layout Workers (Metal and Plastic)),,gide,ሰረሐተኘተተመነበረ,9386651351561351357214912186
892,Legal Assistants,ሕጋዊ ሓገዝ,,gide,ሐገወሐገዘ,6524018465240198
893,Legal Support Workers (all other),ሕጋዊ ደገፍ ወሃብቲ ሰራሕተኛታት (Legal Support Workers (all other)),,gide,ሐገወደገፈወሀበተሰረሐተኘተተ,6524018421224027518451121135938665135156135135
894,Legislators,ሓገግቲ,,gide,ሐገገተ,65240240135
895,Librarians,ሰነ መጻሓፍቲ,,gide,ሰነመጸሐፈተ,931497226165275135
896,Library Technicians and Assistants,ናይ ቤተ-መጻሕፍቲ ቴክኒሻናትን ሓገዝትን,,gide,ነየበተመጸሐፈተተከነሸነተነሐገዘተነ,149219121135722616527513513517014910014913514965240198135149
897,Licensed Practical and Licensed Vocational Nurses,ፍቓድ ንግዲ ዘለዎምን ፍቓድ ዘለዎምን ናይ ሞያ ነርሳት,,gide,ፈቐደነገደዘለወመነፈቐደዘለወመነነየመየነረሰተ,27511421214924021219858184721492751142121985818472149149219722191498693135
898,Life Scientists,ስነ-ፍልጠተኛታት ህይወት,,gide,ሰነፈለጠተኘተተሀየወተ,931492755824713515613513551219184135
899,Life, Physical, and Social Science Technicians (all other),ህይወትን ኣካልን ማሕበራዊ ስነ-ፍልጠት ቴክኒሻንን),,
900,Lifeguards and Other Recreational Protective Service Workers,ሓለውቲ ህይወትን ካልኦት ናይ ቀረባ ዕቝባ ኣገልግሎትን,,gide,ሐለወተሀየወተነከለአተነየቀረበዐቝበአገለገለተነ,65581841355121918413514917058163135149219107861211913641211632405824058135149
901,Line Installers and Repairers,ሰራሕተኛ ኣጋጣጠምትን ጸገንቲ መስመርን,,gide,ሰረሐተኘአገጠጠመተነጸገነተመሰመረነ,9386651351561632402472477213514926124014913572937286149
902,Loan Officers,መኰንናት ልቓሕ,,gide,መነነተለቐሐ,721491491355811465
903,Locker Room, Coatroom, and Dressing Room Attendants,ክፍሊ መሕጸቢ ክፍሊ: ኮተቴ: ከምኡውን ኣልባሳት,,
904,Locksmiths and Safe Repairers,ኣንጠረኛታት መሸጐርን መዕቈቢኡን,,gide,አነጠረኘተተመሸጐረነመዐበአነ,16314924786156135135721002978614972191121163149
905,Lodging Managers,ኣካየድቲ መዕረፊ,,gide,አከየደተመዐረፈ,1631702192121357219186275
906,Logging Workers,ኣመዳድባ ሰራሕተኛታት,,gide,አመደደበሰረሐተኘተተ,16372212212121938665135156135135
907,Logisticians,ርትዓውያን,,gide,ረተዐወየነ,86135191184219149
908,Machine and Equipment Setters, Operators and Tenders:,ማሺንን ማዕቐብን ፡ ኦፕሬተራትን ጅማውትን ፦,,,
909,Machinists,ማሺንስት,,gide,መሸነሰተ,7210014993135
910,Maids,ኣግራድ,,gide,አገረደ,16324086212
911,Mail Clerks and Mail Machine Operators (Except Postal Service),ካሽፕን ማሽን ኦፕሬተራት ፖስታ (Mail Clerks and Mail Machine Operators (Except Postal Service)),,gide,ከሸፐነመሸነአፐረተረተፐሰተ,17010028214972100149163282861358613528293135
912,Mail Clerks and Mail Machine Operators (Except Postal Service),ካሽፕን ማሽን ኦፕሬተራት ፖስታ (Mail Clerks and Mail Machine Operators (Except Postal Service)),,gide,ከሸፐነመሸነአፐረተረተፐሰተ,17010028214972100149163282861358613528293135
913,Maintenance and Repair Workers, General,ሰራሕተኛታት ጽገናን ረዲኤትን ጀነራል,,,
914,Makeup Artists (Theatrical and Performance),ሜክኣፕ ኣርቲስት (Makeup Artists (Theatrical and Performance)),,gide,መከአፐአረተሰተ,721701632821638613593135
915,Management Analysts,ተንተንቲ ምሕደራ,,gide,ተነተነተመሐደረ,135149135149135726521286
916,Managers ,ኣካየድቲ ስራሕ ,,gide,አከየደተሰረሐ,163170219212135938665
917,Manicurists,ስነ ጽባቐን ናይ ኣእዳውን ኣእጋርን ኣጽፋር,,gide,ሰነጸበቐነነየአአደወነአአገረነአጸፈረ,931492611211141491492191631632121841491631632408614916326127586
918,Manufactured Building and Mobile Home Installers,ዝተሰርሐ ዝንቐሳቐስ ገዛ ኣጋጣጣሚ,,gide,ዘተሰረሐዘነቐሰቐሰገዘአገጠጠመ,198135938665198149114931149324019816324024724772
919,Manufacturing Engineers,ናይ ፍርያት ኢንጅነር,,gide,ነየፈረየተአነጀነረ,1492192758621913516314923314986
920,Manufacturing Sales Representatives,ናይ ፍርያት ሸየጣ ወኪል,,gide,ነየፈረየተሸየጠወከለ,1492192758621913510021924718417058
921,Mapping Technicians,ናይ ካርታ ሓበሬታ ተክኒሻን,,gide,ነየከረተሐበረተተከነሸነ,149219170861356512186135135170149100149
922,Marble Setters,ኣቐማጢ እምነ በረድ,,gide,አቐመጠአመነበረደ,163114722471637214912186212
923,Marine Engineers,ኢንጅነራት ባሕሪ,,gide,አነጀነረተበሐረ,163149233149861351216586
924,Marine Mechanics,መካኒክ ስነ ባሕሪ,,gide,መከነከሰነበሐረ,72170149170931491216586
925,Market Research Analysts,ተንተንቲ ምርምር ዕዳጋ,,gide,ተነተነተመረመረዐደገ,13514913514913572867286191212240
926,Marketing Managers,ኣካየድቲ መሸጣ,,gide,አከየደተመሸጠ,16317021921213572100247
927,Marriage and Family Therapists,መርዓን ሕክምና ስድራ ቤትን,,gide,መረዐነሐከመነሰደረበተነ,728619114965170721499321286121135149
928,Masons: Brick, Block, Stone, and Cement,,
929,Massage Therapists,ሕክምና ሓፋሽ,,gide,ሐከመነሐፈሸ,651707214965275100
930,Material Movers,ኣንቀሳቓሲ ኣቕሑ,,gide,አነቀሰቐሰአቐሐ,163149107931149316311465
931,Material Moving Machine Operators,ንዋታዊ ናይ ምግዓዝ ማሽን,,gide,ነወተወነየመገዐዘመሸነ,1491841351841492197224019119872100149
932,Material Moving Workers (all other),ሰራሕተኛታት ንዋታዊ ምግዓዝ (Material Moving Workers (all other)),,gide,ሰረሐተኘተተነወተወመገዐዘ,93866513515613513514918413518472240191198
933,Material Recording Clerks,መመላእታ ጽሑፍ,,gide,መመለአተጸሐፈ,72725816313526165275
934,Materials Engineers,ናውቲ ኢንጅነር,,gide,ነወተአነጀነረ,14918413516314923314986
935,Materials Scientists,ናይ ናውቲ ስነ ፍልጠተኛታት,,gide,ነየነወተሰነፈለጠተኘተተ,1492191491841359314927558247135156135135
936,Mathematical Science Occupations,ስራሕ ናይ ስነ ቁጽሪ,,gide,ሰረሐነየሰነቀጸረ,9386651492199314910726186
937,Mathematical Technicians,ቴክኒሻናት ሕሳብ,,gide,ተከነሸነተሐሰበ,1351701491001491356593121
938,Mathematicians,ስነ ሕሳብ,,gide,ሰነሐሰበ,931496593121
939,Meat Packers,ዓሻጊ ስጋ,,gide,ዐሸገሰገ,19110024093240
940,Meat, Poultry, and Fish Cutters and Trimmers,ስጋን ደርሁን ዓሳን ቈረጽትን ትሪመርስን,,
941,Mechanical Door Repairers,ጸጋኒ ናይ መካኒካዊ ማዕጾ,,gide,ጸገነነየመከነከወመዐጸ,2612401491492197217014917018472191261
942,Mechanical Engineering Technicians,መካኒካዊ ኢንጅነር ተክኒሻን,,gide,መከነከወአነጀነረተከነሸነ,7217014917018416314923314986135170149100149
943,Mechanical Engineers,መካኒካል ኢንጂነሪንግ,,gide,መከነከለአነጀነረነገ,721701491705816314923314986149240
944,Mechanics - Automotive,መካኒዝም,,gide,መከነዘመ,7217014919872
945,Mechanics - Diesel,መካኒክ - ናፍታ,,gide,መከነከነፈተ,72170149170149275135
946,Mechanics - Heating, Air Conditioning, and Refrigeration,መካኒካት - ምህዳእን ኵነታት ኣየርን ምግብን,,
947,Mechanics - Industrial Machinery,መካኒዝም - ኢንዱስትሪያዊ ማሽነሪ,,gide,መከነዘመአነደሰተረየወመሸነረ,721701491987216314921293135862191847210014986
948,Mechanics - Small Engine,መካኒክ ንእሽቶ ኢንጂን,,gide,መከነከነአሸተአነጀነ,72170149170149163100135163149233149
949,Mechanics, Installers, and Repairers,መካኒካትን መዝሓሊታትን ጸገንቲ,,
950,Media and Communication Equipment Workers,ሰራሕተኛታት መራኸቢ ብዙሃንን ኮሙኒኬሽንን,,gide,ሰረሐተኘተተመረኸበበዘሀነነከመነከሸነነ,93866513515613513572861771211211985114914917072149170100149149
951,Media and Communication Workers (all other),ሰራሕተኛታት መራኸቢ ብዙሃንን ኮሙኒኬሽንን),,gide,ሰረሐተኘተተመረኸበበዘሀነነከመነከሸነነ,93866513515613513572861771211211985114914917072149170100149149
952,Mediators,ማእከላይ,,gide,መአከለየ,7216317058219
953,Medical Appliance Technicians,ክኢላታት ተክኒካት ሕክምና,,gide,ከአለተተተከነከተሐከመነ,170163581351351351701491701356517072149
954,Medical Assistants,ሓገዝ ሕክምና,,gide,ሐገዘሐከመነ,652401986517072149
955,Medical Billing and Coding,ናይ ሕክምና ክፍሊትን ኮድን,,gide,ነየሐከመነከፈለተነከደነ,149219651707214917027558135149170212149
956,Medical Doctors,ናይ መዲካል ዶክቶራት,,gide,ነየመደከለደከተረተ,149219722121705821217013586135
957,Medical Equipment Repairers,ጽገናታት ሕክምና,,gide,ጸገነተተሐከመነ,2612401491351356517072149
958,Medical Laboratory Technologists and Technicians,ክኢላታት ሕክምናን ቴክኒሻናትን,,gide,ከአለተተሐከመነነተከነሸነተነ,170163581351356517072149149135170149100149135149
959,Medical Records Technicians,ክኢላታት ሕክምና ሪከርድ,,gide,ከአለተተሐከመነረከረደ,1701635813513565170721498617086212
960,Medical Scientists,ክኢላታት ሕክምና,,gide,ከአለተተሐከመነ,170163581351356517072149
961,Medical Services Managers,ሓለፍቲ ናይ ሕክምና ኣገልግሎታት,,gide,ሐለፈተነየሐከመነአገለገለተተ,655827513514921965170721491632405824058135135
962,Medical Transcriptionists,ናይ ሕክምና ትራንስፎርመሽን,,gide,ነየሐከመነተረነሰፈረመሸነ,149219651707214913586149932758672100149
963,Meeting, Convention, and Event Planners,ኣኼባ: ኣኼባ ኣውራጃ: ከምኡውን ሰብ ውዕለት,,
964,Mental Health Counselors,ምኽሪ ኣእምሮኣዊ ጥዕና,,gide,መኸረአአመረአወጠዐነ,72177861631637286163184247191149
965,Merchandise Displayers and Window Trimmers,ናይ ሸቐጥ መመስረቲ ኣቕሑን ዊንዶው ትሪመርስ,,gide,ነየሸቐጠመመሰረተአቐሐነወነደወተረመረሰ,149219100114247727293861351631146514918414921218413586728693
966,Metal Machine Workers,ሰራሕተኛ ናይ ሓጸዊን ማሽን,,gide,ሰረሐተኘነየሐጸወነመሸነ,9386651351561492196526118414972100149
967,Metal Workers,ሰራሕተና ሓጸዊን,,gide,ሰረሐተነሐጸወነ,93866513514965261184149
968,Metal Workers and Plastic Workers (all other),ናይ ሓጸዊንን ፕላስቲክን ሰራሕተኛታት),,gide,ነየሐጸወነነፐለሰተከነሰረሐተኘተተ,149219652611841491492825893135170149938665135156135135
969,Meteorologists,ክኢላታት ስነ ጠፈር,,gide,ከአለተተሰነጠፈረ,170163581351359314924727586
970,Meter Readers (Utilities),ሜተር ኣንበብቲ (Meter Readers (Utilities)),,gide,መተረአነበበተ,7213586163149121121135
971,Microbiologists,ማይክሮባዮሎጂስት,,gide,መየከረበየለጀሰተ,72219170861212195823393135
972,Middle School Principals,ስርዓታት ቤት ትምህርቲ ማእከላይ,,gide,ሰረዐተተበተተመሀረተመአከለየ,93861911351351211351357251861357216317058219
973,Middle School Teachers,መምህራን ቤት ትምህርቲ ማእከላይ ደረጃ,,gide,መመሀረነበተተመሀረተመአከለየደረጀ,72725186149121135135725186135721631705821921286233
974,Middle School Teachers,መምህራን ቤት ትምህርቲ ማእከላይ ደረጃ,,gide,መመሀረነበተተመሀረተመአከለየደረጀ,72725186149121135135725186135721631705821921286233
975,Millwrights,ሰራሕተኛ ስነ ጥሕና ወይ ኢንዳስትሪ ማሽን,,gide,ሰረሐተኘሰነጠሐነወየአነደሰተረመሸነ,9386651351569314924765149184219163149212931358672100149
976,Mine Cutting and Channeling Machine Operators,ምቑራጽን ዕደናን ናይ ዕደና ማሽን,,gide,መቐረጸነዐደነነነየዐደነመሸነ,721148626114919121214914914921919121214972100149
977,Mine Shuttle Car Operators,ናይ ነቷጊ ማሽን ኦፐሬቶር,,gide,ነየነቷገመሸነአፐረተረ,149219149313240721001491632828613586
978,Mining Engineers,ኢንጂነራት ዕደና,,gide,አነጀነረተዐደነ,16314923314986135191212149
979,Mining Machine Operators,ኦፕሬተራት ዕደና,,gide,አፐረተረተዐደነ,1632828613586135191212149
980,Mining Safety Engineers,ኣብ ሓለዋ ዕደና ዝነጥፉ,,gide,አበሐለወዐደነዘነጠፈ,1631216558184191212149198149247275
981,Mixing and Blending Machine Setters, Operators, and Tenders,ምሕዋስን ምውቕቓዕን ማሽን ፡ ኦፕሬተራትን ጅማውትን,,
982,Mobile Equipment Service Technicians,ብሞባይል ኢኲፕመንት ሰርቪስ ቴክኒሻናት,,gide,በመበየለአፐመነተሰረቨሰተከነሸነተ,121721212195816328272149135938612893135170149100149135
983,Model Makers (Wood),ሰራሒ ሞደል),,gide,ሰረሐመደለ,9386657221258
984,Models,ሞደላት,,gide,መደለተ,7221258135
985,Molders, Shapers, and Casters (Except Metal and Plastic),ለሓምን ቀራጽን (Molders,,
986,Morticians,ኣዳላዊ ሬሳ,,gide,አደለወረሰ,163212581848693
987,Motel Managers,ኣካየድቲ ስራሕ,,gide,አከየደተሰረሐ,163170219212135938665
988,Motion Picture Projectionists,ናይ ተንቀሳቓሲ ስእሊ ኣነጻጻሪ,,gide,ነየተነቀሰቐሰሰአለአነጸጸረ,1492191351491079311493931635816314926126186
989,Motor Vehicle Operators (all other),ናይ ሞተረ ተንቐሳቐስቲ ኦፐሬቶር),,gide,ነየመተረተነቐሰቐሰተአፐረተረ,149219721358613514911493114931351632828613586
990,Motorcycle Mechanics,መካኒካል ሞተር ሳይክል,,gide,መከነከለመተረሰየከለ,721701491705872135869321917058
991,MRI Technologists,ኤም ኣር ኣይ ክኢላታት ቴክኖሎጂ,,gide,አመአረአየከአለተተተከነለጀ,16372163861632191701635813513513517014958233
992,Multimedia Artists and Animators,እተፈላለየ ኣልባሳትን ኣኒሜሽንን,,gide,አተፈለለየአለበሰተነአነመሸነነ,1631352755858219163581219313514916314972100149149
993,Museum Technicians,ቴክኒሻናት ቤተ-መዘክር,,gide,ተከነሸነተበተመዘከረ,1351701491001491351211357219817086
994,Music Directors and Composers,መርበባት ሙዚቃን ኣቀናበርቲ ድርጅታትን,,gide,መረበበተመዘቀነአቀነበረተደረጀተተነ,7286121121135721981071491631071491218613521286233135135149
995,Musical Instrument Repairers and Tuners,ጽገናታት ሙዚቃ,,gide,ጸገነተተመዘቀ,26124014913513572198107
996,Musicians,ሙዚቀኛታት,,gide,መዘቀኘተተ,72198107156135135
997,Nail Technicians,ሓካይም ኣፍንጫ,,gide,ሐከየመአፈነጨ,6517021972163275149254
998,Natural Sciences Managers,ኣካየድቲ ባህርያዊ ስነ-ፍልጠት,,gide,አከየደተበሀረየወሰነፈለጠተ,16317021921213512151862191849314927558247135
999,Naval Architects,ህንጻ ሓይሊ ባሕሪ,,gide,ሀነጸሐየለበሐረ,5114926165219581216586
1000,Network Architects,ነናይ ኔትዎርክ ክኢላታት,,gide,ነነየነተወረከከአለተተ,1491492191491351848617017016358135135
1001,Network Systems Administrators,ኣመሓደርቲ መርበብ ስስተምስ,,gide,አመሐደረተመረበበሰሰተመሰ,163726521286135728612112193931357293
1002,News Analysts,ተንተንቲ ዜና,,gide,ተነተነተዘነ,135149135149135198149
1003,Nonretail Sales Workers,ኣወሃሃድቲ ናይ ሸቐጥ ዘይብሉ ባይታታት,,gide,አወሀሀደተነየሸቐጠዘየበለበየተተተ,163184515121213514921910011424719821912158121219135135135
1004,Nuclear Engineers,ኑክልየር ኢንጂነራት,,gide,ነከለየረአነጀነረተ,149170582198616314923314986135
1005,Nuclear Medicine Technologists,ኑክልየሳዊ ቴክኖሎጂ,,gide,ነከለየሰወተከነለጀ,149170582199318413517014958233
1006,Nuclear Technicians,ኑክለራዊ ቴክኒካት,,gide,ነከለረወተከነከተ,1491705886184135170149170135
1007,Nurse Anesthetists, Nurse Midwives, and Nurse Practitioners,ኣላዪት ሕሙማት ፡ መጕዚት ፡ መሕረስቲ ነርስ ፡ ከምኡ እውን ነርስ ዘካይደኦ ሕክምና,,
1008,Nurses,ኣለይቲ ሕሙማት,,gide,አለየተሐመመተ,16358219135657272135
1009,Nursing Assistants,ተሓጋገዝቲ ነርስታት,,gide,ተሐገገዘተነረሰተተ,135652402401981351498693135135
1010,Nutritionists,ስነ ማእዛታት,,gide,ሰነመአዘተተ,9314972163198135135
1011,Occupational Health and Safety Specialists,ናይ ስራሕ ሓለዋ ጥዕናን ድሕንነት ሞያተኛታት,,gide,ነየሰረሐሐለወጠዐነነደሐነነተመየተኘተተ,14921993866565581842471911491492126514914913572219135156135135
1012,Occupational Health and Safety Technicians,ናይ ስራሕ ሓለዋ ጥዕናን ድሕንነት ቴክኒሻናት,,gide,ነየሰረሐሐለወጠዐነነደሐነነተተከነሸነተ,149219938665655818424719114914921265149149135135170149100149135
1013,Occupational Therapists,ዝቖሰለ ወይ ዝሰንከለ ሰብ ናይ ምጽጋን ቁስልን ናይ ንቡር ህወት ዝመልስን ስራሕ,,gide,ዘቐሰለወየዘሰነከለሰበነየመጸገነቀሰለነነየነበረሀወተዘመለሰነሰረሐ,19811493581842191989314917058931211492197226124014910793581491492191491218651184135198725893149938665
1014,Occupational Therapy Assistants and Aides,ተሓጋጋዚ ናይ ኣካላዊ ሽግራት ንዘለዎ ሰብ ዝጽግንን ናብ ንቡር ዝመልስን ሰብ,,gide,ተሐገገዘነየአከለወሸገረተነዘለወሰበዘጸገነነነበነበረዘመለሰነሰበ,13565240240198149219163170581841002408613514919858184931211982612401491491491211491218619872589314993121
1015,Office and Administrative Support Workers,ናይ ቤት ጽሕፈትን ምምሕዳርን ደገፍ,,gide,ነየበተጸሐፈተነመመሐደረነደገፈ,1492191211352616527513514972726521286149212240275
1016,Office Clerks,ኣቕሽሽቲ ቤት ፅሕፈት,,gide,አቐሸሸተበተፀሐፈተ,16311410010013512113526865275135
1017,Office Machine Operators (Except Computer),ኦፕሬተራት ቤት ጽሕፈት (Office Machine Operators (Except Computer)),,gide,አፐረተረተበተጸሐፈተ,163282861358613512113526165275135
1018,Operations Research Analysts,ተንተንቲ ምርምር መጥባሕቲ,,gide,ተነተነተመረመረመጠበሐተ,135149135149135728672867224712165135
1019,Ophthalmic Medical Technicians,ክኢላታት ሕክምና ማህጸን,,gide,ከአለተተሐከመነመሀጸነ,1701635813513565170721497251261149
1020,Opticians, Dispensing,ናይ ዓይኒ ክንክን,,,
1021,Optometrists,ገለልተኛታት,,gide,ገለለተኘተተ,2405858135156135135
1022,Orderlies,ስርዓት,,gide,ሰረዐተ,9386191135
1023,Orthotists,ክኢላታት ስነ ጥንቲ,,gide,ከአለተተሰነጠነተ,1701635813513593149247149135
1024,Packaging and Filling Machine Operators and Tenders,ናይ ዕሹግ ማሽን / ማሽን / ን ጅማውትን,,gide,ነየዐሸገመሸነመሸነነጀመወተነ,149219191100240721001497210014914923372184135149
1025,Painters (Construction and Maintenance),ቃንዛ (Painters (Construction and Maintenance)),,gide,ቀነዘ,107149198
1026,Painting Workers,ሰራሕተኛታት ስእሊ,,gide,ሰረሐተኘተተሰአለ,9386651351561351359316358
1027,Paper Goods Machine Setters, Operators, and Tenders,ጽቡቕ ማሽን ኦፕሬተርን ጅማውትን ወረቐት,,
1028,Paperhangers,ለጠፍቲ ወረቐት ወይ ብ ወረቐት ዘጸባብቕ,,gide,ለጠፈተወረቐተወየበወረቐተዘጸበበቐ,582472751351848611413518421912118486114135198261121121114
1029,Paralegals,ንሕጋዊ ነገራት ዝተማህረ ግን ወግዓዊ ናይ ሕጊ ኪኢላ ዘይኮነ,,gide,ነሐገወነገረተዘተመሀረገነወገዐወነየሐገከአለዘየከነ,14965240184149240861351981357251862401491842401911841492196524017016358198219170149
1030,Paramedics,ንቐዳማይ ረዲኤት ንምሃብ ዝተማህረ ,,gide,ነቐደመየረደአተነመሀበዘተመሀረ,14911421272219862121631351497251121198135725186
1031,Parking Enforcement Workers,ሰራሕተኛ ስነ ዕሸጋ ወይ መጽኒሒ ቦታ መካዪን,,gide,ሰረሐተኘሰነዐሸገወየመጸነሐበተመከየነ,93866513515693149191100240184219722611496512113572170219149
1032,Parking Lot Attendants,መዕረፊ ማካይን,,gide,መዐረፈመከየነ,721918627572170219149
1033,Patternmakers (Wood),ዕንጸይታዊ ምልጋብ),,gide,ዐነጸየተወመለገበ,1911492612191351847258240121
1034,Payroll Clerks,ኣመሓዳሪ ናይ ክፍሊት ዶሞዝ ሰራሕተኛታት,,gide,አመሐደረነየከፈለተደመዘሰረሐተኘተተ,1637265212861492191702755813521272198938665135156135135
1035,Pedicurists,ኪኢላ ስነ ጽፍሪ,,gide,ከአለሰነጸፈረ,170163589314926127586
1036,Personal Care Aides,ብሕታዊ ክንክን,,gide,በሐተወከነከነ,12165135184170149170149
1037,Personal Care and Service Workers,ናይ ግሊ ሓለዋን ናይ ኣገልግሎት ሰራሕተኛታትን,,gide,ነየገለሐለወነነየአገለገለተሰረሐተኘተተነ,1492192405865581841491492191632405824058135938665135156135135149
1038,Personal Financial Advisors,ናይ ውልቂ ፋይናንሳውያን ኣማኸርቲ,,gide,ነየወለቀፈየነነሰወየነአመኸረተ,14921918458107275219149149931842191491637217786135
1039,Personal Service Workers,ናይ ግሊ ሰራሕተኛታት,,gide,ነየገለሰረሐተኘተተ,14921924058938665135156135135
1040,Pest Control Workers,ንሰራሕተኛታት ፌስታል,,gide,ነሰረሐተኘተተፈሰተለ,1499386651351561351352759313558
1041,Petroleum Engineers,ኢንጂነራት ነዳዲ,,gide,አነጀነረተነደደ,16314923314986135149212212
1042,Petroleum Pump System Operators, Refinery Operators, and Gaugers,ናይ ፐትሮልዩም ቱቦ ኦፐሬቶር,,
1043,Petroleum Technicians,ናይ ነዳዲ ቴክኒካት,,gide,ነየነደደተከነከተ,149219149212212135170149170135
1044,Pharmacists,ፋርማሲስት,,gide,ፈረመሰሰተ,27586729393135
1045,Pharmacy Technicians,ክኢላታት ፋርማሲ,,gide,ከአለተተፈረመሰ,17016358135135275867293
1046,Phlebotomists,ናይ ፍሎቦቶት,,gide,ነየፈለበተተ,14921927558121135135
1047,Photogrammetrists,ፎቶግራማት,,gide,ፈተገረመተ,2751352408672135
1048,Photographers,ሰኣልቲ,,gide,ሰአለተ,9316358135
1049,Photographic Process Workers and Processing Machine Operators,ከይዲ ስራሕ ስእልን ከይዲ ምድላው ማሽን,,gide,ከየደሰረሐሰአለነከየደመደለወመሸነ,1702192129386659316358149170219212722125818472100149
1050,Physical Scientists (all other),ኣካላዊ ሳይንቲስት (Physical Scientists (all other)),,gide,አከለወሰየነተሰተ,163170581849321914913593135
1051,Physical Therapist Assistants and Aides,ናይ ኣካላዊ ሕክምና ሓገዝን ሓገዝን,,gide,ነየአከለወሐከመነሐገዘነሐገዘነ,1492191631705818465170721496524019814965240198149
1052,Physical Therapists,ኣካላዊ ሕክምና,,gide,አከለወሐከመነ,163170581846517072149
1053,Physician Assistants,ንሓኪም ዝሕግዙ ሓኪማት,,gide,ነሐከመዘሐገዘሐከመተ,1496517072198652401986517072135
1054,Physicians,ፊዝሻንስ,,gide,ፈዘሸነሰ,27519810014993
1055,Physicists,ፊዝክስት,,gide,ፈዘከሰተ,27519817093135
1056,Pipefitters,ኣጋጣጠምቲ ቱቦታት,,gide,አገጠጠመተተበተተ,16324024724772135135121135135
1057,Pipelayers,ኣንጸፍቲ ቱቦታት,,gide,አነጸፈተተበተተ,163149261275135135121135135
1058,Plant and System Operators (all other),ናይ ተኽልን ምውሃሃድን ኦፐሬቶር),,gide,ነየተኸለነመወሀሀደነአፐረተረ,149219135177581497218451512121491632828613586
1059,Plasterers and Stucco Masons,ሃረምቲ ተኖኮ ,,gide,ሀረመተተነከ,518672135135149170
1060,Plastic Machine Workers,ናይ ፕላስቲክ ማሽን ሰራሕተኛ,,gide,ነየፐለሰተከመሸነሰረሐተኘ,149219282589313517072100149938665135156
1061,Plumbers,ኣጋጣጣሚ ቱቦታት,,gide,አገጠጠመተበተተ,16324024724772135121135135
1062,Podiatrists,ሓካይም ፖድስት,,gide,ሐከየመፐደሰተ,651702197228221293135
1063,Police and Detectives,ፖሊስን መርመራን,,gide,ፐለሰነመረመረነ,282589314972867286149
1064,Police Dispatchers,ናይ ፖሊስ ንብረት ወይዞም ወንጨፍቲ,,gide,ነየፐለሰነበረተወየዘመወነጨፈተ,14921928258931491218613518421919872184149254275135
1065,Political Scientists,ፖለቲካዊ ስነ-ፍልጠተኛታት,,gide,ፐለተከወሰነፈለጠተኘተተ,282581351701849314927558247135156135135
1066,Postal Service Workers,ሰራሕተኛታት ኣገልግሎት ፖስታ,,gide,ሰረሐተኘተተአገለገለተፐሰተ,938665135156135135163240582405813528293135
1067,Postmasters and Mail Superintendents,ናይ ፖስትን ኢመይልን ኣመሓደርቲ,,gide,ነየፐሰተነአመየለነአመሐደረተ,149219282931351491637221958149163726521286135
1068,Postsecondary Education Administrators,ርእሰ ምምሕዳር ፖስትሞክራት ትምህርቲ,,gide,ረአሰመመሐደረፐሰተመከረተተመሀረተ,861639372726521286282931357217086135135725186135
1069,Postsecondary Teachers,ርእሰ ምትእምማን ዘለዎም መምህራን,,gide,ረአሰመተአመመነዘለወመመመሀረነ,8616393721351637272149198581847272725186149
1070,Power Plant Operators, Distributors, and Dispatchers,ተኸተልቲ ሓይሊ ኤለክትሪክ ፡ ኣከፋፈልቲ ፡ ወይ መናዓብቲ,,
1071,Practical Nurses, Licensed,ግብራውያን ኣለይቲ ሕሙማት ፡ ሕጋውያን,,,
1072,Precious Stone and Metal Workers,ሰራሕተኛ ክቡራት ኣእማንን ሓጸዊንን,,gide,ሰረሐተኘከበረተአአመነነሐጸወነነ,938665135156170121861351631637214914965261184149149
1073,Precision Instrument and Equipment Repairers (all other),ጽገና ክቡራት መሳርሒታትን ኣቕሑኝ),,gide,ጸገነከበረተመሰረሐተተነአቐሐኘ,261240149170121861357293866513513514916311465156
1074,Prepress Technicians and Workers,ቴክኒሻናትን ሰራሕተኛታትን ኣዳለዉ,,gide,ተከነሸነተነሰረሐተኘተተነአደለወ,13517014910014913514993866513515613513514916321258184
1075,Preschool Directors,ዳይረክተር ቅድመ ትምህርቲ,,gide,ደየረከተረቀደመተመሀረተ,212219861701358610721272135725186135
1076,Preschool Teachers,መምህር ቅድመ ትምህርቲ,,gide,መመሀረቀደመተመሀረተ,7272518610721272135725186135
1077,Pressers (Textile, Garment, and Related Materials),ጸቕጢ (Pressers (Textile,,
1078,Print Binding and Finishing Workers,ናይ ሕትመት ሓተምትን ወዳእትን ሰራሕተኛ,,gide,ነየሐተመተሐተመተነወደአተነሰረሐተኘ,14921965135721356513572135149184212163135149938665135156
1079,Printing Press Operators,ወሃብቲ ኣገልግሎት ሕትመት,,gide,ወሀበተአገለገለተሐተመተ,1845112113516324058240581356513572135
1080,Private Detectives and Investigators,ናይ ውልቂ መርመራ,,gide,ነየወለቀመረመረ,1492191845810772867286
1081,Probation Officers,ናይ ፈተነ መርማርን ኣመሓዳርን ደምዳምን,,gide,ነየፈተነመረመረነአመሐደረነደመደመነ,149219275135149728672861491637265212861492127221272149
1082,Producers - Film, Theater,ንግዳዊ ርክባት - ፊልም ፡ ትያትር,,,
1083,Production and Operating Workers,ሰራሕተኛታት ምፍራይን መቀያየሪ ኣቕሑን,,gide,ሰረሐተኘተተመፈረየነመቀየየረአቐሐነ,9386651351561351357227586219149721072192198616311465149
1084,Production Managers,ኣካየድቲ ስራሕ,,gide,አከየደተሰረሐ,163170219212135938665
1085,Production Worker Helpers,ተሓጋጋዚ ን ናይ ውጺኢት ሰራሕተኛ,,gide,ተሐገገዘነነየወጸአተሰረሐተኘ,13565240240198149149219184261163135938665135156
1086,Production Workers (all other),ሰራሕተኛ ኣብ ትካል),,gide,ሰረሐተኘአበተከለ,93866513515616312113517058
1087,Promotions Managers,ኣካየድቲ ስራሕ ኣብ መተባብዒ ማእከል,,gide,አከየደተሰረሐአበመተበበዐመአከለ,163170219212135938665163121721351211211917216317058
1088,Proofreaders and Copy Markers,ኣንበብቲ መሰኻኽርን ናይ ዋንነት ኣጽደቕትን,,gide,አነበበተመሰኸኸረነነየወነነተአጸደቐተነ,163149121121135729317717786149149219184149149135163261212114135149
1089,Property Managers,ኣካየድቲ ንብረት,,gide,አከየደተነበረተ,16317021921213514912186135
1090,Prosthetists,ሕክምናዉ ስነዓት ናብ መላግቦ ኢድ እግሪ ወይ ካልእ ኣካል ወዲ ሰብ,,gide,ሐከመነወሰነዐተነበመለገበአደአገረወየከለአአከለወደሰበ,651707214918493149191135149121725824012116321216324086184219170581631631705818421293121
1091,Protective Service Workers,ሰራሕተኛታት ኣገልግሎት ውሕስነት,,gide,ሰረሐተኘተተአገለገለተወሐሰነተ,93866513515613513516324058240581351846593149135
1092,Psychiatric Technicians and Aides,ክኢላታት ስነ-ኣእምሮን ክኢላ መወሸቢን,,gide,ከአለተተሰነአአመረነከአለመወሸበነ,170163581351359314916316372861491701635872184100121149
1093,Psychologists,ስነ-ኣእምሮኛ,,gide,ሰነአአመረኘ,931491631637286156
1094,Public Relations Managers,ኣካየድቲ ህዝባዊ ርክባት,,gide,አከየደተሀዘበወረከበተ,1631702192121355119812118486170121135
1095,Public Relations Specialists,ክኢላታት ህዝባዊ ርክባት,,gide,ከአለተተሀዘበወረከበተ,170163581351355119812118486170121135
1096,Pump Operators,ኦፕሬተራት ፓምፕ,,gide,አፐረተረተፐመፐ,163282861358613528272282
1097,Purchasing Agents,ንዕዳጋ ዝምልከት ጕዳይ,,gide,ነዐደገዘመለከተጐደየ,1491912122401987258170135297212219
1098,Purchasing Managers,ኣካየድቲ ስራሕ ዓደግቲ,,gide,አከየደተሰረሐዐደገተ,163170219212135938665191212240135
1099,Quality Control Inspectors,ዓይነታዊ ቁጽጽር ተመራማርን,,gide,ዐየነተወቀጸጸረተመረመረነ,1912191491351841072612618613572867286149
1100,Quarry Rock Splitters,ፈላጺ እምኒ,,gide,ፈለጸአመነ,2755826116372149
1101,Radiation Therapists,ሕክምና ጨረር,,gide,ሐከመነጨረረ,65170721492548686
1102,Radio Operators,ኦፕሬተራት ሬድዮ,,gide,አፐረተረተረደየ,163282861358613586212219
1103,Radio, Cellular, and Tower Equipment Installers and Repairers,ሬድዮ: ሞባይል:ታወር ዝኣመሰሉ መሳርሒታትን ኣጋጣጣምን ኣዕራዪን,,
1104,Radiologic Technologists,ክኢላታት ቴክኖሎጂ ራዲዮሎጂ,,gide,ከአለተተተከነለጀረደየለጀ,17016358135135135170149582338621221958233
1105,Rail Transportation Workers (all other),ሰራሕተኛታት መጓዓዝያ ባቡር),,gide,ሰረሐተኘተተመጐዐዘየበበረ,9386651351561351357229719119821912112186
1106,Rail-Track Laying and Maintenance Equipment Operators,መገዲ ባቡርን መሳርሒታትን ኣንጻፍን ጸጋንን,,gide,መገደበበረነመሰረሐተተነአነጸፈነጸገነነ,722402121211218614972938665135135149163149261275149261240149149
1107,Railroad Occupations,ስራሕ መንገዲ ባቡር,,gide,ሰረሐመነገደበበረ,9386657214924021212112186
1108,Ranchers,ሓረስታይ ናይ ከብቲ ሕርሻ,,gide,ሐረሰተየነየከበተሐረሸ,6586931352191492191701211356586100
1109,Real Estate Brokers and Sales Agents,ወኪል ሸያጢ ወይ ዓዳጊ ናይ ዘይንቀሳቐስ ንብረት,,gide,ወከለሸየጠወየዐደገነየዘየነቀሰቐሰነበረተ,18417058100219247184219191212240149219198219149107931149314912186135
1110,Real Estate Managers,ኣካያዲ ስራሕ ናይ ዘይንቀሳቐስ ንብረት,,gide,አከየደሰረሐነየዘየነቀሰቐሰነበረተ,163170219212938665149219198219149107931149314912186135
1111,Receptionists,ተቐባሊ ጋሻ,,gide,ተቐበለገሸ,13511412158240100
1112,Recreation Workers,ሰራሕተኛታት መዘናግዒ,,gide,ሰረሐተኘተተመዘነገዐ,93866513515613513572198149240191
1113,Recreational Therapists,መዘናግዒ ሞያውያን ሕክምና,,gide,መዘነገዐመየወየነሐከመነ,72198149240191722191842191496517072149
1114,Recreational Vehicle Service Technicians,ናይ መዘናግዒ መኪና ኣገልግሎት ተክኒሻን,,gide,ነየመዘነገዐመከነአገለገለተተከነሸነ,14921972198149240191721701491632405824058135135170149100149
1115,Referees, Umpires, and Other Sports Officials,ጠበቓታትን ተሓጋገዝትን ካልኦት ሰበ ስልጣን ስፖርትን,,
1116,Refractory Materials Repairers (Except Brickmasons),ጸጋናይ ናይ ህንጻ ንብረት(Refractory Materials Repairers (Except Brickmasons)),,gide,ጸገነየነየሀነጸነበረተ,2612401492191492195114926114912186135
1117,Refrigeration Mechanics and Installers,ኣጋጣጣሚ ፍረጅ,,gide,አገጠጠመፈረጀ,1632402472477227586233
1118,Registered Nurses,ምዝጉባት ነርስታት,,gide,መዘገበተነረሰተተ,721982401211351498693135135
1119,Rehabilitation Counselors,ናይ ተሃድሶ ምኽሪ,,gide,ነየተሀደሰመኸረ,14921913551212937217786
1120,Reinforcing Iron and Rebar Workers,ንሓጺንን ንተባባዕነትን ሰራሕተኛታት ኣደልድሎ,,gide,ነሐጸነነነተበበዐነተነሰረሐተኘተተአደለደለ,149652611491491491351211211911491351499386651351561351351632125821258
1121,Religious Activities and Education Directors,ሃይማኖታዊ ንጥፈታትን መምርሒ ትምህርትን,,gide,ሀየመነተወነጠፈተተነመመረሐተመሀረተነ,512197214913518414924727513513514972728665135725186135149
1122,Religious Workers,ናይ ሃይማኖት ሰራሕተኛታት,,gide,ነየሀየመነተሰረሐተኘተተ,1492195121972149135938665135156135135
1123,Repair and Maintenance Workers, General,ሰራሕተኛታት ጽገናን ጽገናን,,,
1124,Reporters,ጋዜጠኛታት,,gide,ገዘጠኘተተ,240198247156135135
1125,Residential Advisors,ኣማኸርቲ መንበሪ ኣባይቲ,,gide,አመኸረተመነበረአበየተ,16372177861357214912186163121219135
1126,Respiratory Therapists,ሕክምና ስርዓተ ምስትንፋስ,,gide,ሐከመነሰረዐተመሰተነፈሰ,65170721499386191135729313514927593
1127,Retail Sales Workers,ሰራሕተኛታት ሸቐጥ,,gide,ሰረሐተኘተተሸቐጠ,938665135156135135100114247
1128,Riggers,ኪኢላ ንቅስቓስ ከበድቲ ንብረት,,gide,ከአለነቀሰቐሰከበደተነበረተ,17016358149107931149317012121213514912186135
1129,Roof Bolters (Mining),ኪኢላ ኣሳሪ ናይ ናሕሲ መጋጣጥሞ መሳምር),,gide,ከአለአሰረነየነሐሰመገጠጠመመሰመረ,1701635816393861492191496593722402472477272937286
1130,Roofers,ኪኢላ ምግጥጣም ናሕሲ,,gide,ከአለመገጠጠመነሐሰ,1701635872240247247721496593
1131,Rotary Drill Operators (Oil and Gas),ናይ ኩዕታ ኦፐሬቶር(Rotary Drill Operators (Oil and Gas)),,gide,ነየከዐተአፐረተረ,1492191701911351632828613586
1132,Roustabouts (Oil and Gas),ኪኢላ ዘይኮነ ኣብ ናይ ዕደና ዘይቲ ዝነጥፍ(Roustabouts (Oil and Gas)),,gide,ከአለዘየከነአበነየዐደነዘየተዘነጠፈ,17016358198219170149163121149219191212149198219135198149247275
1133,Sales and Related Workers,መሸጣን ምስኡ ዝዛመድን ሰራሕተኛ,,gide,መሸጠነመሰአዘዘመደነሰረሐተኘ,72100247149729316319819872212149938665135156
1134,Sales Engineers,ነጋዶ,,gide,ነገደ,149240212
1135,Sales Managers,ኣካየድቲ ሸየጥቲ,,gide,አከየደተሸየጠተ,163170219212135100219247135
1136,Sales Representatives, Services,ሸያጢ ወከልቲ ፣ ኣገልግሎታት,,,
1137,School Counselors,ምኽሪ ቤት ትምህርቲ,,gide,መኸረበተተመሀረተ,7217786121135135725186135
1138,School Principals - Elementary, Middle, and High,መባእታን ማእከላይን ላዕለዋይን ደረጃ ቤት ትምህርቲ,,
1139,Science Technicians,ክኢላታት ስነ-ፍልጠት,,gide,ከአለተተሰነፈለጠተ,170163581351359314927558247135
1140,Secretaries,ሰክረታሪ,,gide,ሰከረተረ,931708613586
1141,Securities Sales Agents,ወኪል ሰክረታሪ ኣብ መሸጣ,,gide,ወከለሰከረተረአበመሸጠ,1841705893170861358616312172100247
1142,Security and Fire Alarm Systems Installers,ቅሳነትን ሓዊ ኣላርም ሲስተምስ ኢንስታልስ,,gide,ቀሰነተነሐወአለረመሰሰተመሰአነሰተለሰ,107931491351496518416358867293931357293163149931355893
1143,Security Guards,ሓለዋ ጸጥታ,,gide,ሐለወጸጠተ,6558184261247135
1144,Segmental Pavers,ናይ መጻኢ መደብ,,gide,ነየመጸአመደበ,1492197226116372212121
1145,Semi Truck Drivers,ሓውሲ ናይ ጽዕነት መኪና ኣውቲስታ,,gide,ሐወሰነየጸዐነተመከነአወተሰተ,65184931492192611911491357217014916318413593135
1146,Separating, Filtering, Clarifying, Precipitating,,
1147,Septic Tank Servicers and Sewer Pipe Cleaners,ኣጽረይቲ ናይ ረሳሕ ማይ ዝሓልፈሉ ቱቡታት,,gide,አጸረየተነየረሰሐመየዘሐለፈለተበተተ,1632618621913514921986936572219198655827558135121135135
1148,Service Unit Operators (Oil, Gas, and Mining),ወሃቢ ኣገልግሎት ናይ ክፍሊ ኦፐሬተራት(Service Unit Operators (Oil,,
1149,Set and Exhibit Designers,ኣዳላዊ ንድፊ,,gide,አደለወነደፈ,16321258184149212275
1150,Sewers (Hand),ትሕተ ምድራዊ ቱቦ መንገዲ ርስሓት ማይ),,gide,ተሐተመደረወተበመነገደረሰሐተመየ,1356513572212861841351217214924021286936513572219
1151,Sewing Machine Operators,ኦፕሬተራት ስፌት ማሽን,,gide,አፐረተረተሰፈተመሸነ,16328286135861359327513572100149
1152,Shampooers,ሻምፖዊን,,gide,ሸመፐወነ,10072282184149
1153,Sheet Metal Workers,ሰራሕተኛ ሓጺናዊ ነጸላ,,gide,ሰረሐተኘሐጸነወነጸለ,9386651351566526114918414926158
1154,Shipping, Receiving, and Traffic Clerks,ምልኣኽን ምቕባል ማካይንን መራሕቲ ማካይንን,,
1155,Shoe and Leather Workers and Repairers,ሳእኒን ሰራሕተኛታት ቈርበትን ጽገናታት,,gide,ሰአነነሰረሐተኘተተረበተነጸገነተተ,9316314914993866513515613513586121135149261240149135135
1156,Shoe Machine Operators and Tenders,ኦፕሬተራትን ጅማውትን ጫማ,,gide,አፐረተረተነጀመወተነጨመ,16328286135861351492337218413514925472
1157,Signal and Track Switch Repairers,ሲግናልን ከምኡ ውን ትራክን ጽገና,,gide,ሰገነለነከመአወነተረከነጸገነ,93240149581491707216318414913586170149261240149
1158,Singers,ደረፍቲ,,gide,ደረፈተ,21286275135
1159,Ski Patrol and Other Recreational Protective Service Workers,ተኸላኸልትን ካልእ መዘናግዒ ሰራሕተኛታትን,,gide,ተኸለኸለተነከለአመዘነገዐሰረሐተኘተተነ,13517758177581351491705816372198149240191938665135156135135149
1160,Skincare Specialists,ክኢላታት ስኪንካረ,,gide,ከአለተተሰከነከረ,170163581351359317014917086
1161,Slaughterers,መሕረዲ,,gide,መሐረደ,726586212
1162,Small Engine Mechanics,ናኣሽቱ ሞተረ መካኒክ,,gide,ነአሸተመተረመከነከ,149163100135721358672170149170
1163,Social Science Research Assistants,ንማሕበራዊ ስነ-ፍልጠት ምርምር ዝሕግዝዎ,,gide,ነመሐበረወሰነፈለጠተመረመረዘሐገዘወ,14972651218618493149275582471357286728619865240198184
1164,Social Scientists and Related Workers (all other),ማሕበራዊ ስነ-ፍልጠተኛታትን ተዛመድቲ ሰራሕተኛታትን),,gide,መሐበረወሰነፈለጠተኘተተነተዘመደተሰረሐተኘተተነ,726512186184931492755824713515613513514913519872212135938665135156135135149
1165,Social Service Assistants,ንማሕበራዊ ኣገልግሎት ሓገዝቲ,,gide,ነመሐበረወአገለገለተሐገዘተ,149726512186184163240582405813565240198135
1166,Social Service Managers,ኣካየድቲ ማሕበራዊ ኣገልግሎት,,gide,አከየደተመሐበረወአገለገለተ,1631702192121357265121861841632405824058135
1167,Social Workers,ማሕበራዊ ሰራሕተኛታት,,gide,መሐበረወሰረሐተኘተተ,726512186184938665135156135135
1168,Sociologists,ተመራመርቲ ስነ-ሕብረተሰብ,,gide,ተመረመረተሰነሐበረተሰበ,1357286728613593149651218613593121
1169,Software Developers,ኣማዕበልቲ ሶፍትዌር,,gide,አመዐበለተሰፈተወረ,16372191121581359327513518486
1170,Solar Photovoltaic Installers,ጸሓያዊ ብርሃን ፎቶቮልታይክ,,gide,ጸሐየወበረሀነፈተቨለተየከ,26165219184121865114927513512858135219170
1171,Solderers,ኣልሓምቲ,,gide,አለሐመተ,163586572135
1172,Sound Engineering Technicians,ክኢላታት ናይ ድምጺ ተክኒሻን,,gide,ከአለተተነየደመጸተከነሸነ,1701635813513514921921272261135170149100149
1173,Special Education Teachers,መምህራን ን ፍሉይ ትምህርቲ,,gide,መመሀረነነፈለየተመሀረተ,7272518614914927558219135725186135
1174,Special Education Teachers,ፍሉይ ትምህርቲ ዘምህሩ መምህራን,,gide,ፈለየተመሀረተዘመሀረመመሀረነ,2755821913572518613519872518672725186149
1175,Speech-Language Pathologists,ኣገባብ ኣዘራርባ,,gide,አገበበአዘረረበ,1632401211211631988686121
1176,Stationary Engineers,ናይ መደበር ኢንጂነራት,,gide,ነየመደበረአነጀነረተ,149219722121218616314923314986135
1177,Statistical Assistants,ብስታስቲካዊ ሓገዝ,,gide,በሰተሰተከወሐገዘ,121931359313517018465240198
1178,Statisticians,ስታስቲከኛ,,gide,ሰተሰተከኘ,9313593135170156
1179,Steamfitters,ኣጋጣጠምቲ ስቲም,,gide,አገጠጠመተሰተመ,163240247247721359313572
1180,Steel Workers,ሰራሕተኛ ሓጺን,,gide,ሰረሐተኘሐጸነ,93866513515665261149
1181,Stonemasons,ነዳቓይ እምኒ,,gide,ነደቐየአመነ,14921211421916372149
1182,Substance Abuse Counselors,ኣማኻሪ ናይ ብ ወልፊ ሽግር ዘለዎም ሰባት,,gide,አመኸረነየበወለፈሸገረዘለወመሰበተ,16372177861492191211845827510024086198581847293121135
1183,Subway and Streetcar Operators,ድሕተ መሬትን ኣብ ጎደናን ዝጎዓዛ ተሽከርከርቲ ኦፐሬቶር,,gide,ደሐተመረተነአበገደነነዘገዐዘተሸከረከረተአፐረተረ,21265135728613514916312124021214914919824019119813510017086170861351632828613586
1184,Surgeons,ክኢላታት መጥባሕቲ,,gide,ከአለተተመጠበሐተ,170163581351357224712165135
1185,Surgical Technologists,ክኢላታት ሕክምና መጥባሕቲ,,gide,ከአለተተሐከመነመጠበሐተ,1701635813513565170721497224712165135
1186,Survey Researchers,ተመራመርቲ,,gide,ተመረመረተ,13572867286135
1187,Surveying Technicians,ቅየሳ ተክኒሻን,,gide,ቀየሰተከነሸነ,10721993135170149100149
1188,Surveyors,ቀየስቲ,,gide,ቀየሰተ,10721993135
1189,Switchboard Operators (Including Answering Service),ኦፕሬተራት ስዊችን ቦርድ (Switchboard Operators (Including Answering Service)),,gide,አፐረተረተሰወቸነበረደ,16328286135861359318414214912186212
1190,Systems Analysts,ተንተንቲ ስርዓት,,gide,ተነተነተሰረዐተ,1351491351491359386191135
1191,Tailors, Dressmakers, and Custom Sewers,ሰፈይቲ ክዳን,,
1192,Tank Car, Truck, and Ship Loaders,ጸዓንቲ ታንክ፣ ዓበይቲ ማኪና፣መርከብን,,
1193,Tapers,ለጣፊ ወይ ኣግጣሚ,,gide,ለጠፈወየአገጠመ,5824727518421916324024772
1194,Tax Examiners and Collectors, and Revenue Agents,ናይ ቀረጽ ተመረማርን ኣካብን ከምኡ ውን ናይ ውጺኢት ወኪልን,,,
1195,Tax Preparers,ኣዳለውቲ ግብሪ,,gide,አደለወተገበረ,1632125818413524012186
1196,Taxi Drivers,ታክሲስታ ወይ ዘዋሪ ታክሲ,,gide,ተከሰሰተወየዘወረተከሰ,13517093931351842191981848613517093
1197,Teacher Assistants,ተሓጋገዝቲ መምህራን,,gide,ተሐገገዘተመመሀረነ,1356524024019813572725186149
1198,Teachers,መምሃራን,,gide,መመሀረነ,72725186149
1199,Technical Writers,ተክኒካዊ ጸሓፍቲ,,gide,ተከነከወጸሐፈተ,13517014917018426165275135
1200,Telecommunications Equipment Installers and Repairers (Except Line Installers),ናይ ቴለኮሚኒኬሽን ኣቕሑት መጸገኒታትን (Telecommunications Equipment Installers and Repairers (Except Line Installers)),,gide,ነየተለከመነከሸነአቐሐተመጸገነተተነ,14921913558170721491701001491631146513572261240149135135149
1201,Telemarketers,ኣሰናዳእን ኣማዓራራዪን ተለፎን,,gide,አሰነደአነአመዐረረየነተለፈነ,1639314921216314916372191868621914913558275149
1202,Telephone Operators,ኦፕሬተራት ቴሌፎን,,gide,አፐረተረተተለፈነ,163282861358613513558275149
1203,Television, Video, and Motion Picture Camera Operators and Editors,ተለቪጅን፣ቪድዮ፣ተንቀሳቃሲ ስእሊ ካመራ ኦፐሬቶርን ኣወሃሃድን,,
1204,Tellers,ሓበርቲ መስርሓት ናይ ምእታውን ምውጻእን ናይ ዓሚል ኣካውንት,,gide,ሐበረተመሰረሐተነየመአተወነመወጸአነነየዐመለአከወነተ,65121861357293866513514921972163135184149721842611631491492191917258163170184149135
1205,Terrazzo Workers,ናይ ገጽ ጽፈትን ወዳእትን ን መንደቅ፣ቤትሮ ወዘተ,,gide,ነየገጸጸፈተነወደአተነነመነደቀ፣በተረወዘተ,1492192402612612751351491842121631351491497214921210729112113586184198135
1206,Textile Bleaching and Dyeing Machine Operators and Tenders,ኣብ ጨርቃ መርቂ ምጽሓፍን ናይ ሕብሪ ማሽን ኦፕሬተራትን ጅማውትን,,gide,አበጨረቀመረቀመጸሐፈነነየሐበረመሸነአፐረተረተነጀመወተነ,1631212548610772861077226165275149149219651218672100149163282861358613514923372184135149
1207,Textile Careers,ኣለይቲ ዓለባ,,gide,አለየተዐለበ,1635821913519158121
1208,Textile Cutting Machine Setters, Operators, and Tenders,ናይ ዓለባ ማሽን ፡ ኦፐረይተርን ጅማውትን,,
1209,Textile Knitting and Weaving Machine Setters, Operators, and Tenders,ጨርቃ ጨርቂ ተንበርኪኽካ ማሽን ምዕጣቕ ፡ ኦፕሬተራትን ጅማውትን,,
1210,Textile Winding, Twisting, and Drawing Out Machine Setters, Operators,,
1211,Textile, Apparel, and Furnishings Workers,ዓለባን ኣልባሳትን ኣቕሑን ዝሰርሑ,,
1212,Therapists,ክኢላታት ሕክምና ተራፖስት,,gide,ከአለተተሐከመነተረፐሰተ,1701635813513565170721491358628293135
1213,Tile Setters,ጋጣጣሚ ማተነላ,,gide,ገጠጠመመተነለ,240247247727213514958
1214,Timekeeping Clerks,ናይ ግዜ ኣገልጋሊ,,gide,ነየገዘአገለገለ,1492192401981632405824058
1215,Tire Builders,ኮሚስታ ወይ ሰራሕቲ ጎማ መኪና,,gide,ከመሰተወየሰረሐተገመመከነ,17072931351842199386651352407272170149
1216,Tire Repairers and Changers,ንጸገንቲን ንለውጢታትን ጎማ,,gide,ነጸገነተነነለወጠተተነገመ,1492612401491351491495818424713513514924072
1217,Tobacco Processing Workers,መስርሕ ትንባኾ ሰራሕተኛታት,,gide,መሰረሐተነበኸሰረሐተኘተተ,72938665135149121177938665135156135135
1218,Tool and Die Makers,ንዋት መካበብያ,,gide,ነወተመከበበየ,14918413572170121121219
1219,Tool Grinders, Filers, and Sharpeners,ንመጥሓንትን ንፊላዛትን ንሸራዶን ንዋት,,
1220,Top Executives,ላዕለዎት ሓለፍቲ ስራሕ,,gide,ለዐለወተሐለፈተሰረሐ,58191581841356558275135938665
1221,Tour Guides and Escorts,ናይ ቱሪዝም ኣዛወርቲ,,gide,ነየተረዘመአዘወረተ,149219135861987216319818486135
1222,Traffic Technicians,ቴክኒካት ትራፊክ,,gide,ተከነከተተረፈከ,13517014917013513586275170
1223,Training and Development Specialists,ናይ ስልጠናን ምዕባለን ክኢላታት,,gide,ነየሰለጠነነመዐበለነከአለተተ,1492199358247149149721911215814917016358135135
1224,Training Managers,ኣካየድቲ ስልጠና,,gide,አከየደተሰለጠነ,1631702192121359358247149
1225,Translators,ተርጐምቲ,,gide,ተረጐመተ,1358629772135
1226,Transportation and Material-Moving Machine and Vehicle Operators,መጓዓዝያን ነገራት ተጉዓዕዝ ማሽንን ተንቀሳቓሲት ተሽከርካሪትን ኦፐሬቶር,,gide,መጐዐዘየነነገረተተገዐዐዘመሸነነተነቀሰቐሰተተሸከረከረተነአፐረተረ,722971911982191491492408613513524019119119872100149149135149107931149313513510017086170861351491632828613586
1227,Transportation Attendants,ናይ መጐዓዝያ ተዓዘብቲ,,gide,ነየመጐዐዘየተዐዘበተ,14921972297191198219135191198121135
1228,Transportation Inspectors,ተቖጻጸርቲ መጓዓዝያ,,gide,ተቐጸጸረተመጐዐዘየ,1351142612618613572297191198219
1229,Transportation Security Screeners,መርኣዪ መጕዓዝያ,,gide,መረአየመጐዐዘየ,728616321972297191198219
1230,Transportation Workers,ሰራሕተኛታት መጐዓዝያ,,gide,ሰረሐተኘተተመጐዐዘየ,93866513515613513572297191198219
1231,Transportation, Storage, and Distribution Managers,ኣካየድቲ ምጉዓዝን ምኽዛንን ምዝርጋሕን ,,
1232,Travel Agents,ወኪል ጉዕዞ,,gide,ወከለገዐዘ,18417058240191198
1233,Travel Clerks,ጸሓፊ ጉዕዞታት,,gide,ጸሐፈገዐዘተተ,26165275240191198135135
1234,Travel Guides,ናይ ጉዕዞ ኣለይቲ,,gide,ነየገዐዘአለየተ,14921924019119816358219135
1235,Truck Drivers - Delivery and Sales Workers,ሰራሕተኛ ናይ ዓበይቲ መካይን ኣውቲስታ፣ ናይ ምብጻሕን ምሻጥን ,,gide,ሰረሐተኘነየዐበየተመከየነአወተሰተ፣ነየመበጸሐነመሸጠነ,9386651351561492191911212191357217021914916318413593135291149219721212616514972100247149
1236,Truck Drivers - Heavy and Tractor-trailer,ናይ ዓባይቲ መካይን ኣውቲስታን ከበድትን ትራክተራትን,,gide,ነየዐበየተመከየነአወተሰተነከበደተነተረከተረተነ,14921919112121913572170219149163184135931351491701212121351491358617013586135149
1237,Ultrasound Technician,ቴክኒሻን ኣልትራሳውንድ,,gide,ተከነሸነአለተረሰወነደ,135170149100149163581358693184149212
1238,Umpires, Referees, and Other Sports Officials,ጠበቓታትን ደያኑን ናይ ስፖርታዊ ንጥፈታት,,
1239,Upholsterers,ኣማላኻዕቲ፣ጸገንቲ፣ሸፈንቲ,,gide,አመለኸዐተ፣ጸገነተ፣ሸፈነተ,1637258177191135291261240149135291100275149135
1240,Urban and Regional Planners,ሓንጸጽቲ ከተማን ኣከባቢያውን,,gide,ሐነጸጸተከተመነአከበበየወነ,6514926126113517013572149163170121121219184149
1241,Ushers, Lobby Attendants, and Ticket Takers,ተቀበልቲ ኣጋይሽን ኣሳሰይቲን ኣብ ውራይ,,
1242,Vascular Technologists,ተሓጋጋዚ ፊዚሻን,,gide,ተሐገገዘፈዘሸነ,13565240240198275198100149
1243,Vending, Coin, and Amusement Machine Servicers and Repairers,ለኣኽትን ሸየጥትን ጸገንትን ማሽናት,,
1244,Veterinarians,ተኸናኸንቲ ጥዕና እንስታታት ወይ ሓካይም እንስሳታት,,gide,ተኸነኸነተጠዐነአነሰተተተወየሐከየመአነሰሰተተ,1351771491771491352471911491631499313513513518421965170219721631499393135135
1245,Veterinary Assistants,ተሓጋጋዚ ሓኪም እንስሳ,,gide,ተሐገገዘሐከመአነሰሰ,1356524024019865170721631499393
1246,Veterinary Technologists and Technicians,ተሓጋጋዚን ተክኒሻንን ሓኪም እንስሳታት,,gide,ተሐገገዘነተከነሸነነሐከመአነሰሰተተ,1356524024019814913517014910014914965170721631499393135135
1247,Video Editors,ኣሰናዳእቲ ቪድዮ,,gide,አሰነደአተቨደየ,16393149212163135128212219
1248,Vocational Nurses,ተሓጋገዝቲ ዶክተር ልቸንሳ ዘለዎ,,gide,ተሐገገዘተደከተረለቸነሰዘለወ,1356524024019813521217013586581421499319858184
1249,Waiters and Waitresses,ኣሳሰይቲ,,gide,አሰሰየተ,1639393219135
1250,Watch Repairers,ኣዓረይቲ ሰዓት,,gide,አዐረየተሰዐተ,1631918621913593191135
1251,Water and Wastewater Treatment Plant and System Operators,ማይን ረሳሕ ማይን ምጽራይን መስርሕን ኦፐሬቶር,,gide,መየነረሰሐመየነመጸረየነመሰረሐነአፐረተረ,72219149869365722191497226186219149729386651491632828613586
1252,Water Transportation Occupations,መጓዓዝያ ማይ,,gide,መጐዐዘየመየ,7229719119821972219
1253,Web Developers,ሰራሕቲ ወብሳይት,,gide,ሰረሐተወበሰየተ,93866513518412193219135
1254,Weighers, Measurers, Checkers, and Samplers,,
1255,Welders and Cutters,ኣልሓምትን ቆረጽትን ን ሓጺናዊ ስራሓት,,gide,አለሐመተነቀረጸተነነሐጸነወሰረሐተ,1635865721351491078626113514914965261149184938665135
1256,Wellhead Pumpers,ኣወሃሃድቲ ማይ ክዖ ኣብ ኩዕታ ዘይቲ ወይ ጋዝ,,gide,አወሀሀደተመየከዐአበከዐተዘየተወየገዘ,163184515121213572219170191163121170191135198219135184219240198
1257,Wholesale Sales Representatives,ወኪል ናይ ሸየጣ,,gide,ወከለነየሸየጠ,18417058149219100219247
1258,Wildlife Biologists,ስነ-ህይወት እንስሳ ዘገዳም,,gide,ሰነሀየወተአነሰሰዘገደመ,9314951219184135163149939319824021272
1259,Wind Turbine Technicians,ናይ ንፋስ ተርባይናት ቴክኒሻናት,,gide,ነየነፈሰተረበየነተተከነሸነተ,1492191492759313586121219149135135170149100149135
1260,Woodworkers,ጸራቢ ዕንጨይቲ,,gide,ጸረበዐነጨየተ,26186121191149254219135
1261,Word Processors and Typists,ጸሓፍቲ ኣብ መጽሓፊ ኮምፑተር ከም ዎርድ,,gide,ጸሐፈተአበመጸሐፈከመፐተረከመወረደ,26165275135163121722616527517072282135861707218486212
1262,Writers,ጸሓፍቲ,,gide,ጸሐፈተ,26165275135
1263,car rent,zkare makina ,,gide,,
1264,bicycle rent,zkare bshigleta ,,gide,,
1265,house to rend,zkare geza ,,gide,,
1266,rent,zkare ,,gide,,
1267,better than me,ካባይ ይሓይሽ,,gide,ከበየየሐየሸ,17012121921965219100
1268,what was that,እንታይ ኔሩ,,gide,አነተየነረ,16314913521914986
1269,what was that,እንታይ ኢዩ ኔሩ,,gide,አነተየአነረ,16314913521916314986
1270,what is that,እንታይ ኢዩ,,gide,አነተየአ,163149135219163
1271,there is no,የለን,,gide,የለነ,21958149
1272,to me,ንዓይ,,gide,ነዐየ,149191219
1272,to her,ንዕኣ,,gide,ነዐአ,149191163
1273,to him,ንዕኡ,,gide,ነዐአ,149191163
1274,to them,ንዕኦም,,,ነዐአመ,14919116372
